ID_Usuario,Email_Provedor,Dias_Ativo_Mes,Minutos_Assistidos,Suporte_Acionado,Engajamento
bf147efb-3be2-41ba-8219-691f433b5a9f,bol.com.br,6.0,336.0,4,Baixo
ff0fbd95-2c2e-494c-b166-87c345171a7a,gmail.com,20.0,,1,Alto
51300729-0c1a-4f94-9d63-9fd01854ba50,bol.com.br,,2392.0,2,Alto
ab9a3e81-675d-4fd9-bf25-aa1539753d51,bol.com.br,,374.0,5,Baixo
c36f0a4e-e254-40a2-a270-01bdc33215f9,hotmail.com,0.0,0.0,1,Baixo
3d05a567-b630-4b1b-90d2-174107f856cd,yahoo.com.br,16.0,,2,Médio
43f7c8b1-693a-4b96-8af8-6b70fa68fc45,hotmail.com,27.0,2268.0,5,Médio
edd9cb19-eb48-4cad-a6ce-eede0bd5e19d,outlook.com.br,11.0,,3,Baixo
127f2ad7-4559-4cbb-af0a-5cb7e3f7cda9,outlook.com.br,18.0,,4,Baixo
47792c82-d6b9-46b7-89bc-8f3941e62f4a,uol.com.br,24.0,1536.0,5,Médio
7e1f9ee1-ec40-4a38-911a-c3c20842e864,live.com,20.0,120.0,3,Médio
ea745a31-e742-4bd4-b1de-7a5bfe5123e2,terra.com.br,11.0,132.0,2,Baixo
3297756a-41be-4c7d-a96c-4d12130c2107,yahoo.com.br,7.0,56.0,1,Baixo
c920c0bb-4b6f-496b-8df5-46263c5801ee,gmail.com,3.0,174.0,4,Baixo
2ec7d1cb-f4aa-4f0c-9c88-e65e67dbebbe,hotmail.com,1.0,78.0,5,Baixo
78bc33cc-4671-45a7-9387-843dea7f550d,bol.com.br,14.0,,5,Baixo
793c0b61-32e5-4e7e-bada-c3382c1b2300,bol.com.br,7.0,623.0,4,Baixo
5b08775c-aeab-473a-a832-f5189a0243cd,outlook.com.br,25.0,2325.0,3,Médio
6554f4f0-736f-4652-92f6-8e9b87fc796e,terra.com.br,28.0,532.0,4,Médio
3044ccb5-5a06-480f-b693-e4840ec2178b,outlook.com.br,23.0,,3,Médio
697bb1b3-bac7-464f-a24c-65c880062bee,hotmail.com,18.0,1530.0,2,Médio
958ef62b-83d1-4ec9-9c38-d19ef60aa238,gmail.com,9.0,963.0,1,Médio
2d4880d7-5ee8-4bb5-9d28-e841f6528780,bol.com.br,7.0,112.0,1,Baixo
fed66d6a-eb86-4be2-a979-65aef566deb9,hotmail.com,29.0,2668.0,4,Alto
bf31ce84-6848-419c-9aee-c3042ec7e9aa,yahoo.com.br,26.0,1014.0,0,Alto
b521db28-aa02-42aa-943e-4c6fea09a28a,icloud.com,2.0,10.0,4,Baixo
5f00be8d-f2bf-43df-9e06-1e00d838e20b,outlook.com.br,6.0,186.0,0,Baixo
490dd702-3695-435e-9133-7d7c09fb04d3,gmail.com,,2187.0,2,Alto
e86e596e-7128-4cd0-9a09-01a7617fee24,hotmail.com,19.0,1900.0,3,Médio
e3da0afc-c93f-41da-b70c-1f7f3e6327ce,icloud.com,12.0,228.0,2,Baixo
e31ef65f-9386-41ea-8adb-d091f25caaa0,live.com,6.0,378.0,2,Baixo
0dda9853-2c22-4a00-b2de-f6664de232c7,outlook.com.br,12.0,792.0,0,Médio
3eb4b610-9d20-4f40-be30-e2272568d642,hotmail.com,11.0,528.0,3,Baixo
b739f0cb-9198-423b-8496-f30050969c6f,gmail.com,25.0,2400.0,0,Alto
0d15736c-7a67-4ac0-a04c-60293c88aacb,live.com,,744.0,5,Médio
cc9b21a7-914e-4c56-b3e7-2c0a2b4c9e6a,uol.com.br,2.0,214.0,5,Baixo
aa954915-541a-4a07-9ed3-cc9de02a7df2,gmail.com,4.0,404.0,2,Baixo
12a9463c-5cf5-4f91-afc0-9691368c5db2,hotmail.com,26.0,,0,Alto
44cb9b7c-d776-4e1e-b05c-31bf680a7c17,terra.com.br,25.0,1400.0,3,Médio
c84e4160-2f51-481f-92c4-1ccecad679b5,terra.com.br,16.0,1680.0,0,Médio
aaff4446-ced4-4a21-8fe3-dbd2b16c99f1,uol.com.br,,6.0,3,Baixo
8bdf59b1-7c36-455a-854d-0c58e8883d5e,outlook.com.br,0.0,0.0,2,Baixo
62284f57-729c-4a83-8b9c-c1a3838df417,gmail.com,25.0,900.0,5,Médio
c28329c0-aaec-408a-b8e4-6d8c08c38929,live.com,10.0,600.0,2,Baixo
07e5bc72-9e1a-48ae-8020-9dac927e78da,outlook.com.br,4.0,408.0,5,Baixo
e4345629-a4c0-4dd3-882d-11634999cdfd,live.com,15.0,1515.0,0,Médio
b881932f-541a-4cda-9b85-797a49a192c7,icloud.com,28.0,196.0,3,Médio
80551286-5369-4e17-b9ea-c3a2b6166f7f,bol.com.br,25.0,,2,Alto
a395214d-32e9-4fa4-a2a4-911b8b2c2698,uol.com.br,8.0,296.0,1,Baixo
4c2e26a1-be78-4952-8bba-3b2a39e9b7ed,yahoo.com.br,24.0,2232.0,1,Alto
bb284516-1e9a-46ce-9cdf-852df191b27e,uol.com.br,2.0,22.0,3,Baixo
70d347a2-933a-4998-84f6-d4ccf099300d,terra.com.br,19.0,,0,Médio
4220d294-ac7e-41a2-a82d-8ae9003cc51e,uol.com.br,11.0,803.0,4,Baixo
bacd96b4-69d3-4523-ab45-4c9ff62a2c8d,yahoo.com.br,8.0,824.0,2,Baixo
4ff9bb2c-f19a-485d-bd3e-9200eef44d3f,live.com,23.0,,0,Alto
b892550e-4fa0-4ee4-8f35-42b8373e665d,gmail.com,7.0,280.0,5,Baixo
e16305b5-5ea0-4beb-b8bc-fc5a499c4e04,uol.com.br,15.0,1395.0,2,Médio
0340cdf8-e63a-415b-99b1-e3b81d44172e,uol.com.br,13.0,1118.0,1,Médio
95f46a92-35d1-44ee-80f6-08351681032e,icloud.com,,832.0,0,Médio
92d67eea-bc72-46ea-8880-bb6414529511,icloud.com,15.0,360.0,2,Médio
b28f02c3-91c8-43a5-b0ec-4b1c3b85af3b,outlook.com.br,11.0,693.0,2,Baixo
1ad9b649-a0a9-4cf3-a42c-3975a93ae2fd,terra.com.br,29.0,1218.0,5,Médio
cea93efa-07f3-4e15-94e3-f5eb2423bfc0,bol.com.br,26.0,806.0,1,Alto
db7392d0-9b80-4918-b31d-672502802968,hotmail.com,14.0,952.0,0,Médio
0037a2a0-090f-4236-93f6-f9ac1c66301c,uol.com.br,18.0,,2,Médio
8eba15ee-27f8-49ce-9278-053bd716f048,outlook.com.br,11.0,1056.0,5,Baixo
ee1ce09b-3ae7-4a99-9d87-fd5a6c85f45f,hotmail.com,2.0,218.0,4,Baixo
28dbce12-eb8d-4e82-aa73-9b1d0e826399,bol.com.br,20.0,,2,Médio
01c7dfb7-a1d4-436e-a123-4fc2643f4f87,uol.com.br,28.0,2492.0,0,Alto
59094d7b-4c0c-46e5-adf7-1e9fdf9e7b4c,hotmail.com,24.0,2640.0,5,Médio
914e24e0-ee0a-46cb-9a2c-7658111c9c77,outlook.com.br,23.0,2714.0,5,Médio
0b7b30d6-fce2-4a46-a279-806729f64b65,live.com,9.0,54.0,1,Baixo
d8d1b978-e2ad-45e6-b099-c33b06f4502b,live.com,10.0,520.0,4,Baixo
74c8e332-4355-4f92-8627-deee019ab806,terra.com.br,17.0,,4,Baixo
098dfa66-1d69-40a8-a03f-a791ba80a93c,icloud.com,3.0,147.0,3,Baixo
5a8b2330-cdd6-43ed-8dd3-16640a0ec3b8,bol.com.br,15.0,,3,Baixo
ad073033-0630-49f1-80ed-ef941665f4cc,icloud.com,1.0,70.0,5,Baixo
3f93894a-5efc-463f-91a0-6b6a112b3de0,hotmail.com,29.0,754.0,1,Alto
cf84842b-7d6a-4ec1-9ff5-455585ebd813,yahoo.com.br,9.0,666.0,5,Baixo
33a03d4d-c47e-4e1e-8f4f-9b39314f2875,hotmail.com,7.0,399.0,3,Baixo
cff06fd6-3dd6-4195-81db-316a8f43b8e7,outlook.com.br,3.0,30.0,4,Baixo
dc995819-c6fc-475a-9b93-6996b27f1a2b,bol.com.br,2.0,118.0,3,Baixo
69675b91-f43f-4aad-87ab-8fbc47cd29cd,gmail.com,9.0,306.0,2,Baixo
0c35d54c-4dae-43c7-8e37-8f8998439cc7,hotmail.com,,1674.0,1,Alto
31299ee5-6d3c-4d29-9246-d120c8bc132b,terra.com.br,22.0,286.0,3,Médio
8ba4171b-7639-436b-a63c-8740639f2977,terra.com.br,0.0,,1,Baixo
5f48e171-f14c-4bb8-9534-447c9499d2b2,terra.com.br,24.0,2592.0,4,Médio
73b371ce-efbf-4e7a-9ff6-c2bfa4665928,outlook.com.br,6.0,408.0,4,Baixo
a4e2ff4f-9b57-4856-a2ae-432ab7e4cfdc,gmail.com,11.0,,2,Baixo
8d8a3d55-d7a5-47f5-b0b7-7ec439c47822,gmail.com,13.0,1248.0,4,Baixo
186f36f2-972c-44ce-9374-21fcbda8b7e1,outlook.com.br,,2117.0,3,Alto
0746f380-a082-4258-a2ab-3b246eaac0e9,live.com,20.0,860.0,3,Médio
7285c911-33f4-459a-98b6-65bc78e2dca6,terra.com.br,22.0,,5,Baixo
d59b044b-5577-4069-b386-1d05c48d208c,uol.com.br,30.0,420.0,1,Alto
0d15c7cf-8744-46f0-a6d0-a45f7553fb14,bol.com.br,23.0,,4,Médio
597c83ab-4cfd-431d-873f-581234ce89be,yahoo.com.br,22.0,132.0,0,Médio
e2afde02-2d64-4101-9ec6-7de96c62f278,gmail.com,19.0,532.0,3,Médio
60dab7a0-0969-4896-ac60-5dd4f92913e0,icloud.com,0.0,0.0,2,Baixo
51ba493e-bd56-4af0-a974-c6a85f169e49,icloud.com,0.0,0.0,1,Baixo
e2f8b931-fa2b-4dd9-a931-5ca907c6d3b1,live.com,,,5,Baixo
f5a1fcd4-c136-4e8f-908e-6894290ba2b7,yahoo.com.br,2.0,182.0,0,Baixo
bbdbc116-1a6e-4469-b9de-ad33d49beb7e,bol.com.br,9.0,846.0,5,Baixo
dcee0516-0f0c-4e88-be89-4493d6172302,terra.com.br,3.0,186.0,4,Baixo
a99bab30-8866-4542-99b1-8661ee6a5272,gmail.com,23.0,920.0,0,Alto
5ac8a87b-a855-4a62-ae43-a868b2b501c9,bol.com.br,9.0,945.0,0,Médio
d231bdce-ecff-47ea-a411-cc3849a073a9,icloud.com,2.0,232.0,3,Baixo
57bb19b7-4823-4cfa-9cb4-3a5aeb409eec,uol.com.br,23.0,621.0,5,Médio
04d66170-839e-43d4-8c98-0bf5c4aff8da,yahoo.com.br,22.0,374.0,0,Médio
f33c0b09-053c-4d7c-ab63-b54aa37d9893,uol.com.br,16.0,1056.0,3,Médio
c7f25fbf-7a8e-4875-b652-6a3eea199122,bol.com.br,,598.0,0,Alto
697301d3-5e49-4f9d-8369-4b39253d6ca8,gmail.com,18.0,1440.0,0,Médio
6597815b-735e-4b1d-9668-1c6ded94f4ac,live.com,19.0,1653.0,1,Médio
44cff2cc-c19f-44f8-8898-2de0a5ade1e0,yahoo.com.br,2.0,32.0,0,Baixo
3c53de7b-6b02-412f-bdc0-d4bd96e41231,yahoo.com.br,20.0,540.0,0,Médio
9c85e878-5c72-4f05-a9fa-4098e542e6e2,yahoo.com.br,25.0,1075.0,5,Médio
cf4fc9fd-697f-45d8-a50d-de8b2d857a2c,uol.com.br,22.0,2134.0,2,Médio
5d6a39a3-cad5-4ef3-8366-85fac475a04e,icloud.com,8.0,624.0,1,Baixo
96d01815-1da6-4410-8695-c350d4020af0,terra.com.br,6.0,300.0,4,Baixo
81f4090f-1ded-4b8c-8d6f-3fe9fdd4e4ee,hotmail.com,26.0,1820.0,4,Médio
daac0216-2f20-4c0a-bb42-82f27e6f3a82,yahoo.com.br,7.0,812.0,4,Baixo
b61114b5-92d9-41ef-9089-b5ed69266a2a,hotmail.com,30.0,2250.0,0,Alto
259b9f27-50a8-43d6-a30a-b0fdbf469e6b,outlook.com.br,27.0,945.0,2,Alto
7dc85fae-5f97-4afb-ae22-68e4e97d2b7c,outlook.com.br,26.0,2028.0,1,Alto
b73e459d-b8eb-43e2-9503-613ae8ee80fd,uol.com.br,12.0,,1,Médio
25bfab2c-c99b-468d-807d-10379323e356,uol.com.br,27.0,2052.0,4,Médio
e434383f-7f02-4d70-91a2-54f94466a8c8,yahoo.com.br,2.0,162.0,3,Baixo
86674c6f-6d8d-49b0-8d1c-efa5905cd918,yahoo.com.br,16.0,464.0,0,Médio
ab6f0a96-2489-477d-85d7-3390c3d45018,bol.com.br,,539.0,4,Baixo
343bdca1-250b-45c7-94c0-daac152c0025,uol.com.br,21.0,1869.0,2,Médio
6b626a37-f57b-490c-9790-911adeca6f8a,yahoo.com.br,18.0,432.0,0,Médio
8095643f-65e3-4200-952c-67b13c4bebf2,outlook.com.br,13.0,247.0,0,Médio
1c1780f6-2e25-4a82-a1b9-8392f3b81308,terra.com.br,15.0,1365.0,0,Médio
642435c4-bbfb-4b8e-8844-0de0b789ad36,bol.com.br,15.0,1140.0,5,Baixo
7f316bb1-49ff-4ff1-8f80-2df1e42b7c49,yahoo.com.br,7.0,672.0,3,Baixo
fc77179b-94d8-4865-b805-77faafe7a8f9,icloud.com,17.0,544.0,3,Médio
56ee889e-6fcc-47a7-b125-e57b5937abe8,icloud.com,26.0,1742.0,0,Alto
1608a8aa-3fe8-4ce6-b44d-56c8e496ee42,bol.com.br,12.0,,4,Baixo
863b77f2-5802-4824-863e-fbd336d2d8c2,uol.com.br,5.0,430.0,2,Baixo
059292b3-aac8-457f-b645-6787be4422f9,outlook.com.br,1.0,,5,Baixo
c231574b-0875-4ff0-90e6-afd3cce18424,hotmail.com,22.0,814.0,5,Baixo
d2a804c9-57ee-46b8-bc7f-6ab76dea588e,gmail.com,16.0,240.0,4,Baixo
a440ceef-20c9-4096-b12e-59d56775f215,hotmail.com,26.0,806.0,0,Alto
36843ef9-8b4b-435a-a9bb-bc7b527ea663,bol.com.br,,10.0,4,Baixo
8b6d0a96-5b90-4b74-b22d-e7fa1900171d,hotmail.com,16.0,1168.0,4,Baixo
16cc198e-11ef-47b2-806c-d5a01d57c65c,uol.com.br,4.0,228.0,4,Baixo
ceabfdde-23ea-4ce4-bbd3-ed6699ffe722,outlook.com.br,20.0,1640.0,0,Alto
c55e9d26-a917-4af4-8afe-7b4e46d220cc,yahoo.com.br,12.0,96.0,5,Baixo
29353309-29a2-4ec6-9697-596a410e0d30,gmail.com,1.0,96.0,1,Baixo
863d0c37-d0ee-4f3d-8150-7ba2f7da2854,icloud.com,2.0,108.0,3,Baixo
d7717357-bfe9-4b44-9884-e1bf499943ba,yahoo.com.br,29.0,2842.0,2,Alto
b0954da7-41b7-4a63-9d11-02fc3e8f1540,outlook.com.br,14.0,378.0,4,Baixo
0830c808-3dee-4454-ae58-8c1c60aa1267,uol.com.br,18.0,1926.0,5,Baixo
d1232d93-ee63-4723-9182-bae7e4d7b1fa,uol.com.br,17.0,1734.0,1,Médio
486b21a9-a438-4b8c-969b-82d40be63a2c,hotmail.com,30.0,3060.0,3,Alto
13a6261d-03f5-4be1-a733-79c7a95c25a1,hotmail.com,14.0,476.0,1,Médio
251e0b78-5450-4621-829d-1ae150b1a9ee,bol.com.br,3.0,42.0,0,Baixo
bf269dd2-a4df-4673-a9bb-4d2959532e69,icloud.com,23.0,1679.0,1,Alto
3a760f2d-3b01-4339-9c6b-79a513737c5e,uol.com.br,29.0,,2,Alto
ca0dc70a-a10e-45b5-b23c-f02c8a51d867,live.com,24.0,648.0,2,Médio
93c06fa3-0a73-4954-bdcb-5f3c89a51557,terra.com.br,7.0,56.0,0,Baixo
9a030470-4991-4bfc-b9a0-e0ab92ac7c42,gmail.com,28.0,1008.0,1,Alto
23d97e43-27ad-404e-a37b-bcc4873f34e1,bol.com.br,20.0,180.0,1,Médio
4224d166-a51b-42a9-8752-be8bb3719da3,hotmail.com,20.0,1480.0,0,Alto
27c9545f-df9e-46c5-9386-95b138fc734f,bol.com.br,13.0,494.0,0,Médio
349e9f66-d2a8-45bc-99af-563bccdf75ca,uol.com.br,8.0,240.0,0,Médio
ec12e0fc-8e8e-4960-a006-7cc200272607,terra.com.br,23.0,,2,Alto
b34d2f4a-8ed8-470e-b72f-2c8f073d28f2,live.com,25.0,1000.0,0,Alto
86ae74ac-07d3-45d2-9be1-c77fdce31586,yahoo.com.br,19.0,1577.0,5,Baixo
fc3e142e-93bd-489c-9d90-3ed4cf77230c,yahoo.com.br,13.0,,1,Médio
e18f1d98-dba7-41e7-8e18-a060d9a2a376,icloud.com,23.0,2737.0,2,Alto
1601c909-4a12-40d1-9e1d-4f032cc094bb,gmail.com,14.0,1582.0,1,Médio
963eacee-4285-4f44-9980-b75810735841,hotmail.com,14.0,952.0,0,Médio
9e03b964-d0d0-4193-a3f1-0f11c49ced06,bol.com.br,6.0,366.0,0,Baixo
30825866-0cde-4b64-9141-6a9757218762,uol.com.br,11.0,319.0,0,Médio
e7ec0ba2-eefd-4bbe-b77c-8e21080430eb,hotmail.com,9.0,,0,Médio
08bef858-2eca-4a9e-9679-115fa021b445,gmail.com,14.0,1260.0,1,Médio
e3de7c91-0dd9-4471-958d-7491540291c4,bol.com.br,11.0,957.0,1,Médio
12276a36-0c7b-4b27-ae54-6f467869090e,outlook.com.br,25.0,1700.0,1,Alto
11d6fc59-6b1c-4367-bbdb-a76e704e5614,gmail.com,5.0,525.0,0,Baixo
77aa8e0e-1e39-4639-91f5-e5a21903b9bb,hotmail.com,5.0,,3,Baixo
102ecf96-c2eb-467f-83ab-9c4f1814f163,uol.com.br,29.0,2871.0,0,Alto
1d2d3bf3-979f-4243-8c78-0daa18857b9a,bol.com.br,7.0,735.0,3,Baixo
26836a67-b979-4bcc-b90b-052b5a580740,yahoo.com.br,19.0,1824.0,2,Médio
742796e3-293a-4e4f-9f6a-818b7f591db3,uol.com.br,16.0,1568.0,5,Baixo
df2df2e6-63ad-4ef9-8de9-b9503ff8d1dd,outlook.com.br,14.0,1106.0,1,Médio
c094799d-4ebd-4c88-bccc-35122147a7e8,live.com,5.0,150.0,5,Baixo
a007c61a-35e8-484b-9f96-ca29afafea1c,yahoo.com.br,19.0,2223.0,3,Médio
2d6e194e-4b31-4bd1-9bdc-8380df7d92f2,bol.com.br,5.0,205.0,5,Baixo
e796a82a-7e2d-42ee-843c-0fbe467a73c9,live.com,10.0,70.0,0,Médio
b88700e9-90b1-4e84-8cc3-81e7f42df329,live.com,4.0,108.0,1,Baixo
8c9cabf6-1f6a-41b5-9281-be068e21dbf4,live.com,1.0,,0,Baixo
d7305a67-dd76-414c-a43e-2efc3361de90,hotmail.com,8.0,632.0,5,Baixo
1009ed9e-8470-4d47-affd-603079369b0a,icloud.com,16.0,1168.0,5,Baixo
f2a11bfd-e566-4e5f-9998-26cdc67492ae,bol.com.br,20.0,1580.0,0,Alto
0871b5d0-4dda-4b6a-a791-25b4720ac14d,uol.com.br,,0.0,5,Baixo
ad7eb100-6007-4f21-8de4-96077569f92e,live.com,10.0,1090.0,4,Baixo
71272df5-de32-4030-8af1-cdd875cd471e,yahoo.com.br,20.0,820.0,4,Médio
cddc0af6-d061-4e41-a5db-9d4408c69e45,icloud.com,29.0,232.0,0,Alto
e1b508aa-fa51-411a-b7bf-d1bb26dc6ad7,hotmail.com,7.0,532.0,5,Baixo
5dbbd355-b19e-4e57-bb5d-93d47dbb2fd9,bol.com.br,0.0,0.0,0,Baixo
2e9e755e-7d43-4231-bf27-4bf020c7b952,terra.com.br,,1540.0,5,Médio
98667b23-9cc2-41f9-9dda-96e3946bee09,yahoo.com.br,6.0,330.0,5,Baixo
c5599380-3b07-4612-8dcb-f1dd77dd050c,live.com,7.0,322.0,3,Baixo
7b8a85af-9a3d-4057-9607-a90922434907,hotmail.com,19.0,1862.0,2,Médio
c9515b01-c504-497b-935a-6daa595c7c1a,bol.com.br,0.0,,2,Baixo
0b4b80eb-5671-42df-ada3-b6a912365961,bol.com.br,21.0,1470.0,1,Médio
8aa8544b-2341-48b4-a304-3398b4bab2b1,uol.com.br,21.0,882.0,4,Médio
c4f3d1a6-b40f-4236-b117-340a64245d56,yahoo.com.br,23.0,1288.0,4,Médio
36771429-5c07-4ad1-a064-601ec4f99dfa,yahoo.com.br,3.0,240.0,4,Baixo
f0a17d4d-6f5a-40a7-abe3-c00759fb9eb9,yahoo.com.br,18.0,720.0,3,Médio
c070a8b7-0ce5-4104-a42b-f3787ee04257,yahoo.com.br,19.0,285.0,5,Baixo
f7627822-ed66-4a37-a49f-431fa658a56a,outlook.com.br,7.0,189.0,1,Baixo
ecf89bb2-892e-42cb-bfea-c7d4aac60026,terra.com.br,12.0,1296.0,5,Baixo
2febfc37-15a9-4b0d-bf8e-c6152ebfabd4,gmail.com,7.0,448.0,2,Baixo
920bbd22-a8f8-4144-a166-01f0ad8911c9,uol.com.br,3.0,27.0,4,Baixo
a97fb693-242f-403b-9337-531ef4d365e0,gmail.com,,,1,Alto
5cde4f3e-400d-433e-bd71-21d4441787a1,outlook.com.br,13.0,572.0,0,Médio
a4040ed1-63fd-4042-9c2c-dcf2a6b92c63,hotmail.com,13.0,1365.0,4,Baixo
97178ebc-230b-4db0-bcf1-264fa259a55c,gmail.com,22.0,1342.0,0,Alto
842d2f3a-c76c-4f0e-a9de-20f3f0ceea2d,bol.com.br,7.0,133.0,4,Baixo
fd076cb4-767d-4739-a3a4-7cc1589fdca8,uol.com.br,,504.0,0,Médio
b47d45bf-f613-41a9-8012-52df3c841949,gmail.com,30.0,870.0,1,Alto
4491a347-437a-46fe-b3e9-12fb551cf3dc,terra.com.br,17.0,1615.0,1,Médio
c4713685-8672-4196-a1df-3a934ae9052d,bol.com.br,26.0,2912.0,2,Alto
3f13bcd2-a9ad-480e-9554-2d5ed6c9004c,live.com,,336.0,5,Baixo
807b233b-fc58-4b5d-acc0-a61f8ef9e29a,icloud.com,28.0,,2,Alto
f0526238-4223-40a4-8d1e-1aff8fab7c8a,icloud.com,20.0,1060.0,0,Alto
4fe026de-d30a-4f40-a586-c3c16b6e57fc,uol.com.br,21.0,1890.0,3,Médio
0e9146f8-42a5-4da3-bea4-3a6e4fa5416b,bol.com.br,6.0,30.0,4,Baixo
34f21105-4f60-47c3-8e0d-9b43f720e571,uol.com.br,23.0,2001.0,5,Médio
898c09e2-d1ed-49bf-8516-9bec7bec9b11,outlook.com.br,12.0,1164.0,5,Baixo
914917fc-12e2-4c64-bcbf-a6c4788a662b,yahoo.com.br,0.0,0.0,2,Baixo
ec13809a-78c0-447e-b641-c80672c6c8ad,bol.com.br,27.0,3159.0,1,Alto
17abbceb-fd92-476f-a42c-16f6b282f37a,outlook.com.br,3.0,15.0,4,Baixo
11705ecf-e85d-47a6-8aa9-5a622c6dcc5b,terra.com.br,9.0,702.0,2,Baixo
f3dcd02b-b5dd-4978-a9c6-aa2d626ad42e,hotmail.com,22.0,1298.0,3,Médio
0aed5c20-db5d-4e5e-8a96-0a3a94e3db40,yahoo.com.br,7.0,483.0,0,Médio
556d3470-65f8-4acc-af03-4976c707adad,icloud.com,26.0,1976.0,5,Médio
1bb184ed-7500-4538-bf47-68d976571eaa,icloud.com,18.0,,3,Médio
af5db03b-fd50-42d1-bcaa-4efd46d9cd66,uol.com.br,23.0,1886.0,5,Médio
ae150529-939e-42f8-bf99-f95861ef4c01,icloud.com,4.0,232.0,4,Baixo
ae7be10a-3cf3-4c56-bc76-444661286553,hotmail.com,17.0,187.0,1,Médio
6926e5b3-8b9f-4d32-818f-a1fd894d9da8,yahoo.com.br,18.0,2088.0,4,Médio
95032f87-5e6e-458f-9061-922106f183ad,live.com,17.0,102.0,0,Médio
1b71aa66-4907-48e6-bd2a-034feb83d001,gmail.com,9.0,54.0,2,Baixo
cbc0be6e-67dd-4df1-bf66-ab187c0be450,live.com,4.0,164.0,5,Baixo
2b3b94f0-3bb9-4303-9a73-6d452b964d72,uol.com.br,20.0,960.0,2,Médio
8e6a935e-400c-4ae8-8f81-29c09420e5d7,gmail.com,23.0,1955.0,1,Alto
1f5a9fed-213b-4f4d-8954-4bc0baf7d20c,live.com,22.0,2200.0,0,Alto
5285235d-5964-44e3-9eee-6e9ef716c652,yahoo.com.br,8.0,352.0,1,Baixo
a745013b-6f7b-4389-add4-598a9236bf3c,yahoo.com.br,21.0,546.0,2,Médio
7f6a7b40-f686-4cde-b97d-8f11db80ea07,gmail.com,28.0,,1,Alto
1106a21d-40ac-45a9-9ee3-95eb0b087f77,hotmail.com,17.0,1513.0,1,Médio
c4bc1190-f09b-4f6a-843b-8be5848d9954,hotmail.com,16.0,656.0,0,Médio
8ea48c4b-2be6-4b30-982f-0a984b05131b,outlook.com.br,20.0,2200.0,5,Médio
9810f5cf-ab12-4aa8-9c31-8fbcb6315a12,bol.com.br,5.0,475.0,1,Baixo
bd6372c0-ddf3-4a75-846e-bd6b34127845,gmail.com,6.0,84.0,4,Baixo
2b043984-eebf-4689-99c7-5117e6f90b59,yahoo.com.br,29.0,1450.0,1,Alto
97a1b1a9-3b4c-4148-ad93-649c94b69e6e,live.com,18.0,,3,Médio
a8b04e1b-69d4-49fc-85fe-9b80eb376b68,uol.com.br,10.0,440.0,2,Baixo
8836175d-f4d6-4d52-b553-3bc2d7204867,outlook.com.br,6.0,648.0,2,Baixo
5d1b77b0-2804-4394-a61f-827e3b5d089f,icloud.com,23.0,598.0,4,Médio
590453ca-ed19-444b-b699-8f8c269973de,icloud.com,14.0,,2,Médio
903f9906-7b31-4908-aebd-05315855b95f,bol.com.br,29.0,3277.0,2,Alto
01dbf745-a08b-43ec-b4d7-610434129516,outlook.com.br,20.0,1540.0,0,Alto
29ebb72d-3d03-43bd-beb5-ba5e7d97401a,icloud.com,28.0,,1,Alto
2352d2fe-da90-44fe-ac00-03170420ad0a,terra.com.br,17.0,1785.0,3,Médio
8a8a9699-b4f3-4f5b-a566-bfaf02dd5dc8,live.com,1.0,16.0,2,Baixo
e72c4565-5901-48dc-bd98-1f66c69ed404,icloud.com,16.0,1040.0,0,Médio
44467602-d8ef-42de-898f-2ac682235997,yahoo.com.br,14.0,224.0,5,Baixo
8d39c955-67dd-483d-b0c4-dc7cfb594601,outlook.com.br,30.0,750.0,0,Alto
cb8f1289-73b4-4726-ae9a-864fdfa037d0,gmail.com,5.0,380.0,0,Baixo
a539f285-82d6-4e54-9146-0cf8dd56213a,uol.com.br,26.0,,0,Alto
9e540286-ebc3-4149-a5d1-b9772f672d13,uol.com.br,9.0,180.0,0,Médio
a433c7b7-ea18-4c40-9dc2-6e4689ba02b8,outlook.com.br,25.0,275.0,5,Médio
e42fff76-390f-48cb-8de5-b67e89b88439,terra.com.br,18.0,936.0,1,Médio
8c44881f-ba5e-4015-8cfb-38093f3ac903,bol.com.br,30.0,2940.0,3,Alto
2d12af04-a3b6-48c3-906c-fd50a92b2edb,uol.com.br,9.0,963.0,0,Médio
3f8b2435-be0a-4a7a-aafc-b1e1ab7a729f,terra.com.br,11.0,704.0,4,Baixo
24133740-db00-435e-9cfe-27ac58ed95e9,yahoo.com.br,7.0,658.0,3,Baixo
c2cb4639-bc43-43d9-8c79-28c7d28db9ad,icloud.com,3.0,291.0,5,Baixo
ce7f75b7-ea4e-405c-b475-25da4c806df2,hotmail.com,15.0,1695.0,1,Médio
eb1d7fcb-99fb-4b29-bc72-9d9f85b8b9f7,icloud.com,,92.0,1,Baixo
2fa819c7-ee59-4ee6-aabd-1010b2d1bcfd,uol.com.br,12.0,,2,Baixo
d6e37a51-eaea-4b1a-98f6-2f8ae657420c,live.com,28.0,1848.0,0,Alto
6db68bb4-a0ed-4b93-a220-0cbc6816eee4,gmail.com,24.0,480.0,3,Médio
e9924aa0-470c-4e6d-8b4e-583a2399e95a,outlook.com.br,24.0,2568.0,3,Médio
cf6b7a9d-3411-4216-ac10-34faf148f592,uol.com.br,2.0,98.0,5,Baixo
02e9b181-5a0a-4baf-a0a7-f3fa20b01c3c,uol.com.br,,,4,Baixo
e99f0773-2956-4812-b02d-93aaf0d60d76,icloud.com,13.0,1079.0,0,Médio
a5f4c62f-6f2d-4d0a-b052-d139b21093b8,terra.com.br,3.0,48.0,2,Baixo
9ab148be-7c3b-46ff-8475-447a6ad509a7,outlook.com.br,10.0,740.0,5,Baixo
70e2be2e-d0c0-4108-af2a-956beda6dcbb,hotmail.com,,29.0,3,Baixo
c45a7c39-4fcd-4a22-b152-426daca146ca,uol.com.br,28.0,1876.0,5,Médio
bedc1f44-33fa-4408-8ace-ede5e095d33f,uol.com.br,9.0,,1,Médio
a2e9f15d-2012-46f4-9067-8682995dd63b,uol.com.br,25.0,175.0,5,Médio
07f3b176-21f8-429d-8a7c-544058db5687,hotmail.com,22.0,1166.0,0,Alto
ac413b79-c73c-4066-b746-a2791c34b3b5,hotmail.com,28.0,3080.0,2,Alto
b1ef4610-d105-4466-a0c9-ddca4e7f30e7,uol.com.br,23.0,161.0,2,Médio
be2de608-1b6e-42cb-a83c-b931d7616944,uol.com.br,14.0,1302.0,0,Médio
30e033f7-001b-45fe-9c8b-b772df8ab4cb,live.com,10.0,1090.0,2,Baixo
6ded9154-e394-4bcf-996c-725b73841bcf,yahoo.com.br,2.0,58.0,1,Baixo
ebf258bf-629d-47f6-b0fb-1ff999c508b2,yahoo.com.br,7.0,203.0,4,Baixo
f9eb3b71-64bd-4297-a0dd-9a381ce8fb31,bol.com.br,27.0,2241.0,5,Médio
0eca1403-1559-40a5-90e4-c6abd6de80a6,uol.com.br,25.0,550.0,5,Médio
908d53af-891b-4b8c-ae08-e1e38236b6fc,outlook.com.br,27.0,1971.0,4,Médio
c9fe5822-5068-4d8b-b689-620e56b09979,live.com,29.0,2813.0,2,Alto
1c7829d8-8ac2-4756-adb2-d408ea7bae05,uol.com.br,1.0,44.0,2,Baixo
78ff7d7c-bebc-40b3-85c0-5f409c06d0a7,terra.com.br,23.0,529.0,3,Médio
8af75da1-1cb2-482c-9eb1-9ea2c64e9028,live.com,8.0,136.0,2,Baixo
3557aeab-ca93-4fac-bef9-b9b9a943c958,outlook.com.br,3.0,201.0,2,Baixo
929a3ee9-12eb-4291-8f75-20e2a7cea1e7,icloud.com,10.0,490.0,1,Baixo
89776899-2ac5-41e6-b288-d75911d36698,terra.com.br,9.0,126.0,2,Baixo
4bb8aa24-4b01-45c5-bf22-a8213280f60c,live.com,17.0,1768.0,1,Médio
5d121d3c-035e-4e53-bf04-35831eeac1d1,uol.com.br,6.0,420.0,4,Baixo
a0ab6e4f-c22d-4547-a4d2-da2aed5a8e66,bol.com.br,16.0,1728.0,1,Médio
5c035c58-8ff6-42bc-80a7-093807bf70da,terra.com.br,2.0,,5,Baixo
31a361d9-49d9-49e7-a9d7-ef84dc13e609,icloud.com,8.0,800.0,1,Baixo
8e343dd7-6412-459d-b5fc-475d43637a3d,uol.com.br,29.0,1189.0,4,Médio
10915ae4-1ba6-45c3-86b7-6f5098fecaf3,outlook.com.br,3.0,354.0,3,Baixo
efec07f5-512d-4ded-818d-180179918ec9,yahoo.com.br,21.0,,1,Médio
96a03efe-416d-4c9f-a2c6-8c3f21d65c5e,live.com,23.0,1978.0,1,Alto
60da1703-9cfa-4004-9660-32997aa41adf,yahoo.com.br,11.0,440.0,2,Baixo
b1479493-23ea-413f-967a-5685ed6ee623,bol.com.br,6.0,198.0,2,Baixo
495322b0-6e9c-4d00-bf86-d3a329aec2fd,outlook.com.br,,1422.0,1,Médio
6cdf3602-88f3-4a86-94a7-185ff8e897f3,bol.com.br,1.0,33.0,3,Baixo
bd091662-ff65-41ce-a935-4b772fb0665f,hotmail.com,6.0,114.0,4,Baixo
f0dbb6b3-43d7-4f7f-8bf7-ac83743f59de,yahoo.com.br,1.0,51.0,5,Baixo
b7a0c15f-95d2-405c-981e-676d00630923,live.com,2.0,170.0,5,Baixo
852007f7-8123-4000-8a59-95b139e4acdd,uol.com.br,20.0,1020.0,4,Médio
8f89161f-c490-4176-8c2b-3d24c4b861c6,terra.com.br,24.0,1752.0,2,Médio
1989e663-5cdb-4e81-8c6f-929b74b02dd4,gmail.com,5.0,,1,Baixo
82fb9269-7424-45ea-989b-4f850cdc564c,bol.com.br,24.0,672.0,3,Médio
09b8ae96-56aa-4867-85a9-27b02a8406c4,yahoo.com.br,26.0,1976.0,3,Médio
fee19827-ae2b-4eb6-94be-830d6f03b3be,icloud.com,20.0,240.0,2,Médio
bd06c5d2-be4a-47bc-9192-4f99a8100094,bol.com.br,,194.0,3,Baixo
e43d46cc-1414-42c2-bf93-c501977dc154,terra.com.br,2.0,,5,Baixo
14b21b5a-9113-48e2-a419-7d4163d8785b,icloud.com,6.0,126.0,5,Baixo
7a5e57dd-eb3c-4c74-a3a2-238b86c74758,uol.com.br,5.0,260.0,0,Baixo
d335fb55-217a-4981-8181-e94c7f4d80be,yahoo.com.br,20.0,120.0,2,Médio
a94aa137-316f-4cfc-96e1-b5ddb3937b2c,icloud.com,20.0,440.0,5,Baixo
40f2c3ad-88c8-4d30-8c6b-aa2ed70ba8e4,uol.com.br,30.0,1260.0,2,Alto
f8b5f70d-a9a3-4403-9b71-8c3e7b79adfe,outlook.com.br,5.0,225.0,2,Baixo
33e401d6-3372-4787-bba9-69b0d0483444,icloud.com,16.0,,0,Médio
ffe5085b-32a2-445b-b83e-9bc1a9cf138b,terra.com.br,21.0,1890.0,3,Médio
ff7f6870-b554-45e2-9430-26d283c5966a,icloud.com,17.0,1717.0,1,Médio
3cf52489-0a18-4f68-9c2c-0ab8f332a6f1,icloud.com,29.0,1073.0,4,Médio
1a51536f-4558-4d9e-af79-f871bf22f793,bol.com.br,1.0,42.0,1,Baixo
da98a819-c31a-464a-9ae6-ea29d13fe873,live.com,1.0,110.0,3,Baixo
9e8ad05b-257a-4400-8073-4a73d28d002d,bol.com.br,2.0,,0,Baixo
2b43bf7b-dfe3-4aef-b90f-5194183529d7,hotmail.com,8.0,944.0,3,Baixo
480d8305-27e6-4be0-8686-60305a6bb0d7,terra.com.br,29.0,2552.0,5,Médio
51b1bb83-56df-43b4-b8ad-3dc48bc0c99c,icloud.com,10.0,880.0,3,Baixo
e94fd4c3-1b52-4847-999f-a9655bf511a7,outlook.com.br,30.0,210.0,0,Alto
5c6a2f9d-56d1-429c-893a-5e07d8aa8c5c,hotmail.com,17.0,272.0,3,Baixo
7f8e9327-2158-4ecf-9278-110b65978fd4,icloud.com,25.0,575.0,5,Médio
f839acc6-b9cf-40bf-9f1c-208e9c324797,hotmail.com,22.0,,2,Médio
458fc5c0-0cac-4f46-9443-5b162f1f458b,hotmail.com,18.0,468.0,4,Baixo
5e6e9d30-94e4-4ee0-ae20-36151bbb3570,outlook.com.br,2.0,64.0,1,Baixo
2c1d61b4-f9f7-4b9a-b9ae-f0a0ccb68b8f,hotmail.com,21.0,1407.0,0,Alto
78c0b60c-a49d-491d-8ba3-7ca41e087827,outlook.com.br,20.0,700.0,1,Médio
f8611d9c-dfe1-4d7f-b956-2f0e6b3226e4,hotmail.com,3.0,288.0,3,Baixo
8465c22d-51d2-4430-931e-f610da065e40,yahoo.com.br,17.0,901.0,2,Médio
c717fbfd-2347-4925-92ec-5d26de904fb9,yahoo.com.br,20.0,2040.0,3,Médio
9050b93e-a91f-443d-bfb8-78d126b1e64c,yahoo.com.br,5.0,215.0,1,Baixo
a0dbb8a8-63f0-421c-ad0a-394e3762f1eb,bol.com.br,28.0,448.0,2,Médio
06761794-9f95-4aff-b15a-9e90c7117116,gmail.com,14.0,1414.0,2,Médio
06594181-f79a-4ea1-aec7-fd70e4159c46,uol.com.br,29.0,2639.0,1,Alto
a40da78d-4e99-497c-a49e-2c7d798131a2,outlook.com.br,,902.0,4,Médio
4e0ac5c6-6d0b-4ad4-8ad4-fde718a6f9bc,hotmail.com,21.0,1344.0,4,Médio
c6972b5b-bf6f-40a4-8862-104f0884bac9,yahoo.com.br,24.0,2112.0,1,Alto
c2a622c3-20de-4a67-8f75-d5853976192e,uol.com.br,24.0,,1,Médio
2c929978-89a3-4f46-9110-975b5c2d28b1,bol.com.br,0.0,0.0,3,Baixo
93e55326-1bb9-4a33-85cc-d5ed2e8fa1df,live.com,14.0,490.0,2,Médio
846e4fb8-498f-4b07-bc95-4c2f59a0fda4,outlook.com.br,15.0,1170.0,4,Baixo
96e5e7d9-4b56-4128-a28f-0822c6c21882,gmail.com,0.0,0.0,3,Baixo
f768b764-6ea3-466c-b014-af4e248b9f54,bol.com.br,24.0,,5,Médio
c4d89bed-1edd-4e0d-bf07-61c4edd213fe,outlook.com.br,4.0,204.0,4,Baixo
bd50e5fa-5f59-415a-9602-2fb43e69b847,yahoo.com.br,23.0,1104.0,3,Médio
50d136e5-d599-4617-aa49-23e7c328c574,hotmail.com,26.0,,3,Médio
649bbbb4-2eb9-4348-a2c6-e1bbb23a6ba3,yahoo.com.br,,1230.0,3,Alto
c058b7d5-db20-4c19-ae22-a5b54cebfe4f,gmail.com,2.0,148.0,4,Baixo
a0955755-f5ce-4733-8127-4e1044e40867,gmail.com,16.0,880.0,5,Baixo
73421492-4397-4d23-86cf-3fbf7caea336,icloud.com,,1564.0,2,Médio
637611a0-8e8a-4cfe-8665-3af8c57f81af,terra.com.br,17.0,561.0,0,Médio
df85d4db-0a2e-4405-b693-b35f2d483983,live.com,10.0,540.0,3,Baixo
9f3defa4-fb3c-478e-b366-6b5953f43563,yahoo.com.br,29.0,1421.0,3,Alto
eb44b1c7-04af-4899-9514-f16b990eae99,live.com,22.0,264.0,1,Médio
0d4daa4e-48da-41e9-a742-a4b49bcbb713,icloud.com,28.0,2800.0,5,Médio
ecbb799d-3244-4e89-b343-37ff7dc8d80b,live.com,1.0,,1,Baixo
ec66e98c-1d1d-4338-aec7-60cd8c1ddda0,icloud.com,17.0,357.0,1,Médio
e9529bc6-d8de-42a5-a802-d02b63bce925,live.com,11.0,1045.0,0,Médio
a2574c8c-dc59-4efe-bc20-1b4fdc3b6927,hotmail.com,18.0,630.0,5,Baixo
84727147-1322-4a1b-9439-7ffac15522b5,hotmail.com,25.0,1650.0,3,Médio
dcd4bb95-9a58-4532-ab2a-dba4dbff9b8e,gmail.com,30.0,2310.0,0,Alto
aceefb5e-3d62-4649-9d08-0fd3e84da525,bol.com.br,8.0,648.0,0,Médio
00c0c1fe-58a5-48a9-8abf-347f2ec4b1ad,outlook.com.br,5.0,570.0,3,Baixo
f24ec5e3-e8c6-42df-aa67-e81d232fe42d,gmail.com,17.0,289.0,0,Médio
4cf92140-0039-469b-a861-cb027b0e4dea,uol.com.br,0.0,,5,Baixo
c462c778-04e0-4c93-a873-e8b20b090427,terra.com.br,14.0,966.0,3,Baixo
c1e91bd7-6460-41e8-8e96-ad181daee66a,live.com,18.0,1152.0,4,Médio
134106c4-00db-4db9-8084-2c52c4db7120,terra.com.br,,624.0,3,Baixo
d6acaf0d-501e-4f90-a4cb-10cc8f46383e,icloud.com,7.0,798.0,5,Baixo
dfe7cd4c-462e-43cf-a390-087d28a6a3da,outlook.com.br,2.0,178.0,1,Baixo
9fbb2eda-a0f0-4af8-ab7f-be295486cddd,icloud.com,27.0,2619.0,1,Alto
4533640f-d2b0-45ec-9f2f-b6fb66ec6459,uol.com.br,15.0,615.0,3,Baixo
de553d45-d38c-4a2f-a959-ed7daada8fcf,outlook.com.br,22.0,1628.0,5,Médio
a6240b86-7349-455f-be43-d2eb2420732d,outlook.com.br,,300.0,2,Baixo
9e5f7be4-d4a5-4847-a2cc-a2e1abb788a2,bol.com.br,27.0,513.0,0,Alto
5ca8367b-8a49-4bbd-9038-aff579abdc31,gmail.com,3.0,75.0,4,Baixo
fe7369db-d41e-41dd-ba52-401e0d75f8d4,bol.com.br,28.0,2016.0,4,Médio
efb9dd7f-b3ad-4e4e-a2bd-b91dec7836cc,gmail.com,14.0,,2,Médio
4e178eda-5cc6-4ee2-9178-3f97910ecdbe,uol.com.br,29.0,638.0,1,Alto
5857afc9-3b1f-4a9e-8c47-15836e095e41,yahoo.com.br,24.0,2352.0,2,Alto
5d7834b8-3a43-490e-9308-d93d3f4d5bcb,hotmail.com,6.0,102.0,0,Baixo
f5f47bd2-0969-423b-9261-55a6bd574488,yahoo.com.br,3.0,264.0,3,Baixo
5a95fc65-aa5e-4a9c-81ee-e386e0a8fa4e,icloud.com,11.0,,1,Médio
e312ea61-192d-4a5e-b6ff-f8fd0f3ad72b,gmail.com,21.0,525.0,5,Baixo
0fe15b48-28ed-4789-a551-6c95e72ad145,hotmail.com,14.0,196.0,1,Médio
2bce5ea8-18b9-40b5-b72c-6f4240b06938,bol.com.br,23.0,1932.0,0,Alto
d84a10e8-a1de-4ecb-aa38-a4a4412e9988,yahoo.com.br,17.0,476.0,2,Médio
61545ca8-8064-4c84-abc4-25c1adc68856,terra.com.br,24.0,528.0,2,Médio
10cf00aa-11b2-4eab-b53f-b0a114d3604a,terra.com.br,17.0,1241.0,0,Médio
f9b931e8-2bb4-4837-8476-07bd5b6c76d1,yahoo.com.br,22.0,550.0,0,Alto
b5de0651-4faa-4bb2-a7a0-369ac37e64a3,hotmail.com,2.0,192.0,2,Baixo
d0bedfcc-0e38-4d8e-8d20-e3b03f5b7a0b,terra.com.br,28.0,1708.0,5,Médio
9c7989ba-1644-4e59-b8e6-5492a7e4f25e,live.com,6.0,534.0,1,Baixo
ac44c905-7c8e-4d5f-bab0-1bf3a55a9d1a,gmail.com,,270.0,0,Baixo
5ff8375d-bff1-462e-89e8-dd715fbbf86a,gmail.com,13.0,299.0,3,Baixo
70aceccc-e398-4ddb-bad5-1f66f30e90fc,outlook.com.br,6.0,678.0,5,Baixo
c1cc2ca1-63d4-4793-8e9f-e83e5033aa3c,uol.com.br,3.0,21.0,0,Baixo
3dacecaa-8687-4d5d-a35b-8cbc276ce333,hotmail.com,8.0,856.0,3,Baixo
b05d5d37-9a7f-4d80-93cc-0e9a52669d49,bol.com.br,27.0,243.0,3,Médio
8f927c64-8c18-4ffa-9b3d-3d0907efbfee,bol.com.br,5.0,380.0,1,Baixo
471118f0-754a-4009-ad34-63783ed7e6ce,hotmail.com,25.0,175.0,5,Médio
bc329a04-6a26-448f-8bdb-9ed580febff2,terra.com.br,1.0,106.0,0,Baixo
bd404cdd-6972-4286-aa5d-f2fd850db840,bol.com.br,19.0,228.0,5,Baixo
e2e42e5b-5ac3-410c-82d3-ba903c45729d,hotmail.com,12.0,1164.0,0,Médio
f52493bb-ee00-4773-aa5e-774374cad3ed,live.com,29.0,1711.0,3,Alto
fa52284e-b696-43ac-aae1-e3b12e673beb,bol.com.br,19.0,133.0,5,Baixo
d2ec9ab2-35b6-42be-93d8-7abb78bd807a,terra.com.br,7.0,63.0,3,Baixo
133881e5-328a-4c42-a9f2-84014aecb84d,uol.com.br,24.0,816.0,4,Médio
68e1a917-c4d0-4414-b5a1-3ac0a5a0ecc2,outlook.com.br,7.0,749.0,0,Médio
c3125999-7f01-4466-b15f-a5361d8e9fc8,hotmail.com,,1938.0,4,Médio
c68f6313-b1fe-4360-b63a-55368e365d94,terra.com.br,17.0,1921.0,1,Médio
7d92187c-1e66-400c-adbb-81b3dd0fbd92,yahoo.com.br,24.0,1848.0,0,Alto
dcc9e8e0-213b-4b11-9788-01ad26c48210,terra.com.br,22.0,660.0,3,Médio
ee0190a9-44c6-44b2-aa4d-ec05334b0940,hotmail.com,21.0,987.0,5,Baixo
1fb34e05-8fef-49b2-8447-3020b140728d,uol.com.br,11.0,1265.0,0,Médio
4e8031d9-c071-45e4-a8f7-deca2caf2184,outlook.com.br,2.0,68.0,1,Baixo
c2c05d91-e74f-41ef-aea7-7e082c293974,bol.com.br,15.0,165.0,3,Baixo
ddacc737-778d-4926-aa3f-3106cc0eeb4f,gmail.com,2.0,140.0,2,Baixo
3cb24a74-062a-48ee-861c-3107abc96e2b,uol.com.br,19.0,1634.0,1,Médio
3d11351b-e92e-4057-876c-8abfac945d4d,gmail.com,21.0,777.0,3,Médio
ae14dd54-b1bc-4072-99b8-21da7c862a11,icloud.com,15.0,870.0,5,Baixo
59039536-ffee-4b09-94fb-daef86ceb381,uol.com.br,8.0,80.0,0,Baixo
6cb91798-95b0-4689-bbfe-51e5b1c73a12,bol.com.br,20.0,2040.0,3,Médio
894fea8a-dffd-4752-8572-2501e6f3b4e2,gmail.com,27.0,432.0,3,Médio
ecb9257f-88cd-45e8-aaf4-30ce14a185ee,hotmail.com,17.0,,3,Médio
f3ef47c6-c33d-4d2f-b635-0a338f22e263,outlook.com.br,10.0,60.0,3,Baixo
5be9fdeb-6c71-4ff2-b126-b5fd4211cdfb,gmail.com,4.0,,1,Baixo
a8051694-fedb-4976-aabb-c24519562994,uol.com.br,10.0,540.0,4,Baixo
13cabcdb-8c66-43d9-8561-cf62cb28943d,terra.com.br,22.0,1914.0,0,Alto
d3c25427-5dc9-4216-acd4-7254ea106a14,outlook.com.br,29.0,3306.0,2,Alto
da1d22a9-886d-431f-aa74-28f47ee7875f,outlook.com.br,0.0,0.0,3,Baixo
ddc927c1-d9e6-4f5c-8fa6-913b57b85a7d,bol.com.br,6.0,336.0,4,Baixo
90f30691-2bd3-491a-a3f0-c9318e93528b,hotmail.com,6.0,324.0,4,Baixo
2e513f87-b5f4-4e41-a32a-77ff97235d3e,live.com,28.0,2884.0,2,Alto
7dccefcf-d0d5-4732-9276-7af9f230a9b0,bol.com.br,,360.0,4,Baixo
8c1ebfda-f622-4edf-905b-3675a3a8cfe1,hotmail.com,26.0,650.0,5,Médio
16562db9-943f-4d52-b577-2366bd35b7ba,live.com,22.0,,4,Médio
766f6213-3c9c-4a4a-ab83-ac1e4e4379ba,gmail.com,17.0,,4,Médio
3d7cf493-5a07-411b-8db7-f656d4dce323,hotmail.com,3.0,255.0,2,Baixo
6c1336b0-f725-41ac-ab30-0b1b41314014,bol.com.br,20.0,1120.0,4,Médio
fd25233d-fe05-4cfe-8e9e-34c7a0b9def5,live.com,19.0,2204.0,3,Médio
4841c853-f62f-4d91-a7a0-86bd16d441bb,hotmail.com,28.0,1568.0,4,Médio
0c8e7761-5d41-4053-be66-876fed8067a2,uol.com.br,12.0,1404.0,0,Médio
93b96c20-86ac-4f95-835b-20b6b10f5577,hotmail.com,8.0,40.0,1,Baixo
0936a88f-072d-47b4-aff8-8a2102e77e84,live.com,9.0,1062.0,1,Médio
cd15b412-6567-4bc5-ae2b-3647a795023c,yahoo.com.br,27.0,2133.0,1,Alto
979d54e8-6374-4426-820e-f71f2e3d5375,bol.com.br,,1328.0,0,Médio
9d975c66-2c63-49b8-a237-62b1c81ed407,outlook.com.br,18.0,1314.0,3,Médio
bdd35ba3-8f5d-4b07-9c4d-52dc077cc7f1,hotmail.com,12.0,912.0,0,Médio
6757215c-fc8d-404d-8ba9-793255dc9b40,uol.com.br,,504.0,2,Médio
df60fb4d-b940-4075-81dc-5b2849275e1f,bol.com.br,20.0,2160.0,1,Alto
b4847dc1-b620-4a1f-9dd4-acaf697d0ce0,icloud.com,19.0,361.0,2,Médio
bc5ef375-b7e6-48c3-ad13-8b93a353f588,yahoo.com.br,10.0,620.0,4,Baixo
1e53c7d0-5ae9-4e03-8d01-f22369cfca04,uol.com.br,,,1,Baixo
f03645a9-fe22-4269-bbce-c217da53448c,live.com,27.0,2295.0,0,Alto
3ba4ce4d-9f91-4e33-b343-aa2f9d7ddc73,uol.com.br,2.0,106.0,3,Baixo
50e99a3e-2079-4bb7-be57-93d17b01a52c,terra.com.br,8.0,744.0,1,Baixo
8d52d70b-670f-4606-a1b4-89666bf2f514,uol.com.br,9.0,225.0,3,Baixo
01a3eba0-d256-4765-a3e3-dddcd0c9971b,outlook.com.br,21.0,357.0,4,Médio
5f1bbe97-c42d-440e-a60a-5882a8f18a06,live.com,,2754.0,2,Alto
c13c5dbb-ecbd-4a25-b19c-40448ff77c7e,hotmail.com,17.0,1003.0,0,Médio
4f3d4693-6600-4f87-978d-3d7d9275d773,bol.com.br,27.0,2511.0,1,Alto
dd923395-188f-4106-8c8c-8a49847c51c5,live.com,20.0,960.0,2,Médio
721540aa-67a2-410c-bc45-f1fe3e0f6b82,live.com,2.0,72.0,5,Baixo
bba2445c-f448-454a-955f-f0b52a11331b,hotmail.com,8.0,408.0,1,Baixo
01ebf5e4-00b5-4673-9dbe-6c5cdde6bdf1,icloud.com,29.0,348.0,5,Médio
8068b086-86cf-4266-9b6f-408414a23766,live.com,11.0,1100.0,2,Baixo
d75c4966-e844-449f-9f43-4ede3c547ce7,hotmail.com,,624.0,3,Médio
b5e88025-11fd-4c79-9e58-a046727a9598,live.com,28.0,2492.0,3,Alto
c4d41692-d1fc-45c3-b94b-9c85905d64b3,gmail.com,18.0,486.0,3,Médio
22ff7428-1a1e-48e2-b97f-95ab0526d71d,gmail.com,28.0,2828.0,2,Alto
7a65f79c-5285-43f7-a8f9-91dcd21a68be,yahoo.com.br,28.0,952.0,3,Médio
fa3802d8-df8e-4521-ae4a-dbf370a8b1d0,live.com,14.0,168.0,1,Médio
58b65416-f08c-4115-b676-794c5d370be4,yahoo.com.br,11.0,,2,Baixo
6834a52c-4dad-4856-a049-0179b66bdf25,icloud.com,9.0,918.0,2,Baixo
1983deb5-d480-44d4-b23e-765129e51fb3,bol.com.br,13.0,1391.0,2,Médio
d80a744a-0d82-4738-b79a-64b489558843,live.com,12.0,156.0,3,Baixo
05b4e7d9-6837-4e67-89ec-decb6b8dff77,outlook.com.br,25.0,1450.0,3,Médio
b4b368da-e9dc-4449-8772-cff09fadf2db,yahoo.com.br,1.0,57.0,0,Baixo
eb42f83e-e70e-4a9e-a89f-8aa9a7001026,hotmail.com,30.0,2220.0,2,Alto
866700d5-71b2-400a-abaa-1954d691de6c,terra.com.br,28.0,224.0,3,Médio
ab9132fd-8ab1-4bfb-a448-35cefb110fe8,hotmail.com,25.0,1025.0,5,Médio
f75c090a-572f-460f-a45b-8aae0a717e8a,hotmail.com,20.0,1560.0,5,Médio
3ce51e4e-313f-4d82-9072-0b31732c31ba,hotmail.com,12.0,288.0,0,Médio
c3e90cc2-f7fa-474b-a4bd-7146761acaa8,uol.com.br,13.0,91.0,4,Baixo
d57a60bd-64be-4487-90e0-1be6c5d95923,yahoo.com.br,3.0,84.0,1,Baixo
7b468ecb-135a-47a6-8a8f-c64cf9739216,bol.com.br,27.0,,2,Alto
8d040f49-5d41-405e-9ed1-820b978ed39b,hotmail.com,21.0,588.0,4,Médio
797a58f2-bc4c-4a89-a28e-644a11cd9e7d,hotmail.com,20.0,700.0,3,Médio
e4c6ec37-dcb1-4b77-ab54-2c2db4c4067c,bol.com.br,3.0,,0,Baixo
af728678-2ba7-44e4-a718-19dcc472bbc2,gmail.com,19.0,2223.0,2,Médio
b5a1846f-9a6e-4d78-9787-c67e7ba40d8d,uol.com.br,24.0,1176.0,0,Alto
6ee5fd2b-8381-45c3-ae1e-84b94356eb9f,terra.com.br,15.0,765.0,2,Médio
ba03b922-60d1-40df-9714-434f15b3e522,live.com,27.0,2133.0,0,Alto
bd0812de-a341-4751-be11-a4f5cf6b9a3d,uol.com.br,19.0,,1,Médio
8c0b0443-4803-423b-a885-c73a02552f2f,icloud.com,16.0,1568.0,5,Baixo
5ffbe28a-35fc-4e70-a2f3-44f73e12242e,live.com,26.0,2938.0,2,Alto
71a343fc-86bf-4154-abee-4210657c44d6,terra.com.br,13.0,390.0,2,Baixo
e5904cf3-e7a5-4daf-92c0-498ec8632004,icloud.com,19.0,1007.0,4,Médio
87cf5024-92f4-46e6-a27b-cdacaee17da5,live.com,,470.0,3,Baixo
937b0547-bf20-4f9e-a345-fdea6d7a8903,outlook.com.br,,,0,Baixo
2a43af01-8e91-475a-912f-0b81e74022dd,gmail.com,13.0,832.0,3,Baixo
bfbc5619-61f5-459f-b02e-12d9833da16f,terra.com.br,,2139.0,3,Médio
b688f743-4f15-4bb3-9081-1e2e801214a3,live.com,9.0,306.0,5,Baixo
2cc27c88-fd0f-4df9-8a20-ad8c5da4016e,outlook.com.br,27.0,486.0,1,Alto
fb0caa1a-a8e8-493e-af33-e6bf41bd7ec5,bol.com.br,9.0,837.0,4,Baixo
c850e4c6-6708-49c6-8eb8-31618f41caf7,uol.com.br,,180.0,2,Baixo
4919d49e-e09a-43e4-a9e4-b9f007aeb5fb,icloud.com,24.0,600.0,3,Médio
67b26ccb-0142-4e57-91c0-6064621febd9,uol.com.br,5.0,95.0,1,Baixo
581d7766-7280-48a4-af64-c34b44b5d1af,gmail.com,,437.0,4,Médio
def8d1c3-7520-4d34-b0b1-8940267901bc,outlook.com.br,13.0,793.0,4,Baixo
d7c0d809-f87b-41e9-ae81-9ba7631532ef,outlook.com.br,2.0,182.0,1,Baixo
7ad52d15-640d-42ce-b465-a4892fb3ce56,bol.com.br,18.0,1674.0,4,Médio
6940936c-9e94-42c3-b4f6-7a6cfc43cf2b,yahoo.com.br,8.0,296.0,1,Baixo
d1a4ef6b-5a1d-496d-8e30-b93fd3fac459,hotmail.com,24.0,1800.0,5,Médio
d317fbd1-ff6a-4ba4-8ed9-08d2d3159b0a,icloud.com,28.0,1820.0,1,Alto
db1c4087-bd41-49e9-b7f1-987972c96199,gmail.com,6.0,,0,Baixo
3d5fc083-c2e0-4204-b18b-2bdb53bceb9b,hotmail.com,5.0,510.0,0,Baixo
26d78504-ccb5-44eb-b63a-294facb98076,uol.com.br,21.0,2436.0,0,Alto
884e827e-6ba4-447b-9947-77c6161b2121,terra.com.br,15.0,825.0,4,Baixo
fc5d37c8-077a-4762-97ab-8714d02bf530,outlook.com.br,14.0,616.0,5,Baixo
6c1e7152-ce9c-4454-937b-54ea7b0ec34c,terra.com.br,18.0,1206.0,0,Médio
18fd71dd-42f4-49dc-b058-de37481efb31,icloud.com,19.0,570.0,3,Médio
e658cae7-5e75-4c2f-80fd-c856a1dca32a,gmail.com,23.0,2484.0,4,Médio
739617d5-0c92-47fe-a963-792a2706a6db,hotmail.com,13.0,403.0,4,Baixo
ac94ff70-05d3-4fd8-b4bf-1e60369fc0f4,live.com,,2925.0,1,Alto
16013ebf-5d85-4033-bd1c-9c6997abaaa4,icloud.com,7.0,336.0,0,Baixo
accb3507-4514-4023-a2b0-72ad93eac4db,terra.com.br,6.0,,0,Baixo
4988ea56-388b-4bc0-b03a-e207334126a1,gmail.com,4.0,220.0,2,Baixo
e530094e-16e5-4646-ad5a-eca5074887fa,yahoo.com.br,23.0,2208.0,0,Alto
89d912de-145b-4cc5-8f96-0a68d5601dd8,bol.com.br,22.0,286.0,5,Baixo
c0881c28-036c-49ff-9178-5dd41972df87,bol.com.br,19.0,1406.0,3,Médio
be31c90e-8b0d-4882-a271-7eac475faa18,yahoo.com.br,12.0,84.0,2,Baixo
24735a23-d3af-4911-8104-8706b5a56ee7,yahoo.com.br,,0.0,0,Baixo
319fa470-ff70-4db9-9a89-a318280052cb,uol.com.br,27.0,1404.0,2,Alto
af3e146b-3c10-443f-9ed2-d562bd0c2b05,terra.com.br,13.0,299.0,0,Médio
834e0d9f-550e-4268-9d02-3516a813910c,hotmail.com,15.0,75.0,4,Baixo
6f774a3b-ac45-439a-abb2-8cf88099f021,hotmail.com,12.0,456.0,3,Baixo
e6263d2d-ee82-4865-8c9c-80825bbe7a45,hotmail.com,26.0,806.0,4,Médio
39bb1fa2-73e3-4d01-adc3-6419cc28620f,icloud.com,24.0,576.0,1,Médio
9ccbbe02-a8d0-4553-af3f-0a49419a25c6,yahoo.com.br,2.0,130.0,3,Baixo
5412f3d0-3dd5-435e-9e07-51d38e84f4ce,bol.com.br,17.0,170.0,2,Médio
21817608-38ec-41fe-bb52-becf9d552722,terra.com.br,1.0,51.0,3,Baixo
66ab0547-649d-47b6-b26a-63ca1f019b24,live.com,1.0,90.0,2,Baixo
30a67cd2-cc5c-4ae9-924d-70a382cac85a,outlook.com.br,15.0,375.0,3,Baixo
2c4ed82c-ff35-4f76-94d2-53be317ab288,yahoo.com.br,20.0,780.0,3,Médio
6a18435d-5c85-4545-af04-93078706bf95,hotmail.com,17.0,1054.0,2,Médio
2453f82f-041d-4862-be60-77e3d9723921,bol.com.br,21.0,441.0,4,Médio
a4d091da-5ee2-46bb-a4a7-b9e52f248bd1,live.com,26.0,1014.0,0,Alto
35113b08-ceed-41ec-ad96-6c4a8f40aba4,bol.com.br,1.0,103.0,3,Baixo
4b0ab652-f290-475f-b033-987c8dc04ab9,yahoo.com.br,19.0,95.0,2,Médio
84a7467a-fa6b-4775-b35c-7ee322bfc272,gmail.com,,95.0,4,Baixo
5ea0674f-642c-457a-84df-df3ba3a0696a,yahoo.com.br,13.0,234.0,3,Baixo
ba4ca465-c79e-4594-8e65-2fecd3aa7064,gmail.com,2.0,162.0,1,Baixo
9fc1c226-9a11-4b9e-ae13-83860d85d331,outlook.com.br,26.0,702.0,2,Médio
69797e24-ea4f-4a59-a189-ac3b65f894ff,bol.com.br,5.0,90.0,3,Baixo
cf2c6e8c-6f8e-489a-b3bc-6125c772febb,gmail.com,18.0,,5,Baixo
e862f7a2-9d21-4c4d-aac3-c630bee92102,outlook.com.br,7.0,644.0,5,Baixo
a2fca1bc-c346-45a2-a2ee-b1fe9e78c825,terra.com.br,15.0,1305.0,5,Baixo
3e5e6850-7d76-486c-8571-ed1f420ae339,yahoo.com.br,8.0,256.0,3,Baixo
2fdba0c8-757f-40f9-b9e3-1da2814b9323,terra.com.br,8.0,184.0,3,Baixo
3111c119-e612-4bfe-ac61-1475f3968eed,yahoo.com.br,28.0,,0,Alto
4b65c929-3b15-4cde-9e26-10ae87a894c8,uol.com.br,23.0,,0,Alto
7b1f1cb6-1fda-49d7-b90c-9341bd311799,outlook.com.br,8.0,,5,Baixo
aa4f7f60-942c-4dc3-b2ed-c8807a8cd60d,uol.com.br,3.0,288.0,1,Baixo
ebaf30b0-9cf0-4cbf-954d-4183ee1e0f3e,terra.com.br,8.0,472.0,4,Baixo
3b277226-c365-478a-8114-70ab1440fda2,uol.com.br,11.0,429.0,2,Baixo
a408cfbd-1f16-4aa7-87b9-c633353543de,gmail.com,30.0,750.0,4,Médio
5039cb0d-06bf-4390-9e8f-5f5102c50867,gmail.com,11.0,407.0,4,Baixo
02ac06fa-3c3d-4b16-b4aa-8df5b8085cb0,gmail.com,,117.0,0,Baixo
30d908c1-61cc-4c97-8e71-ee8754146d0d,terra.com.br,7.0,343.0,3,Baixo
3a5542ba-d229-42c7-9cde-9c7abf14df8b,yahoo.com.br,14.0,1526.0,2,Médio
a3e63f32-fff8-4b73-9a5c-83d63df51549,icloud.com,7.0,175.0,2,Baixo
b4fd8b54-682c-490c-a1e2-65e1f13be6a7,icloud.com,18.0,144.0,3,Médio
6edaa16b-02a0-466a-9074-5e31b4446a3e,gmail.com,12.0,852.0,5,Baixo
9708b24f-c0ca-4d4e-bc64-99c57cd8e3cf,live.com,26.0,1534.0,0,Alto
15644bf7-4177-44f0-ba9e-cb44c63107aa,terra.com.br,,,0,Baixo
a80e14da-8a2f-4c1d-a910-9663ab344446,outlook.com.br,5.0,470.0,2,Baixo
a88765b2-8262-41ee-82a0-b54e4ad9a5a7,outlook.com.br,0.0,0.0,4,Baixo
c8710905-465b-4cd9-b772-ecd4afd473c7,gmail.com,13.0,507.0,4,Baixo
1cf35416-1131-497d-a2f1-d234c0a20a54,outlook.com.br,,2968.0,0,Alto
1a7f96d4-222b-4a51-a789-bf1eca4a6b05,bol.com.br,10.0,240.0,3,Baixo
4c77cc7e-ed78-4144-b55a-b165987c59b2,yahoo.com.br,20.0,,5,Baixo
1156ff2b-0fab-447f-904c-dc5b7ca40638,bol.com.br,8.0,104.0,4,Baixo
a9cdf304-15ff-470c-8761-309d02540fad,gmail.com,20.0,1100.0,2,Médio
71ac9791-d162-4a35-a798-8003dac02344,yahoo.com.br,,816.0,2,Baixo
6b77ea79-7eae-43e9-89df-f71cdd7d05de,bol.com.br,30.0,1500.0,4,Médio
45af46d8-020a-4531-927e-ec867e06fd44,gmail.com,11.0,836.0,4,Baixo
a4ba4cc8-7ce8-4240-887e-e679f20e0c01,uol.com.br,15.0,555.0,4,Baixo
fb33e773-6a5c-46cd-bdb7-990c6f0d5638,gmail.com,4.0,,0,Baixo
a4958a05-5b72-4166-9f33-d27abc2e05f3,yahoo.com.br,12.0,612.0,0,Médio
f062c0bc-3eb7-4640-a5f8-12099d8e8747,yahoo.com.br,1.0,72.0,5,Baixo
20104d95-fa64-48f6-aa07-6eeed6fef545,outlook.com.br,4.0,92.0,3,Baixo
a75f5eff-04cd-495a-a5ae-6c57c1ea7898,uol.com.br,11.0,1309.0,0,Médio
6b3b517d-b66d-41b1-bc80-48647dc3215c,yahoo.com.br,8.0,624.0,1,Baixo
7035fd5e-0481-4bed-b28b-c167978cdda3,hotmail.com,13.0,1118.0,2,Médio
0e67bcc6-d64d-4ff5-89e3-5577266664cf,gmail.com,27.0,189.0,3,Médio
3a0eef02-e9b6-41d1-9700-6c259ee4c175,hotmail.com,28.0,1176.0,2,Alto
44351646-61e2-4cba-a8cd-3d0261a4c57d,live.com,16.0,720.0,5,Baixo
e0f08dd5-e930-485c-83f1-76c00a3b9854,bol.com.br,22.0,1078.0,1,Médio
69a2a3da-31d2-4217-984e-faf48521e423,gmail.com,30.0,2970.0,0,Alto
b3e7057f-555c-4bf6-bf69-2a35d7be276d,gmail.com,27.0,675.0,5,Médio
f4be34aa-a491-4bc9-8c3c-0554dd5c9434,hotmail.com,12.0,924.0,4,Baixo
8f68783c-8298-4ecc-916c-5bfea1a721e8,live.com,11.0,1122.0,2,Baixo
f2212af5-4c9a-4dbc-a17f-f4d9a316ac71,gmail.com,8.0,536.0,2,Baixo
0fe14a97-4cf2-4580-aeb7-f6641e40863f,live.com,24.0,2496.0,3,Médio
45692aa0-6df3-4138-9daa-ebdb00265818,hotmail.com,23.0,,4,Médio
3bf5546c-af8f-4fa1-a00d-9bd96b67f16d,gmail.com,0.0,0.0,3,Baixo
da37b629-f50d-4094-9ad0-1bc375eb5a4c,gmail.com,17.0,,2,Médio
74b23d53-a2c8-443d-a51d-20e0b75ef0fd,icloud.com,29.0,435.0,0,Alto
0da7e3bf-368c-437a-b94b-427af7e60d6d,hotmail.com,7.0,266.0,3,Baixo
5af42d51-05e9-45a1-a516-2448eb9f33c5,terra.com.br,30.0,240.0,0,Alto
e9e5c95d-839a-484c-9b71-929c167bd771,live.com,23.0,2116.0,2,Alto
bcf4fce8-1977-4582-9895-9840022022be,live.com,,775.0,5,Médio
a1212e6b-7965-4d19-88b1-11583327a5b8,bol.com.br,9.0,495.0,1,Baixo
5ebbff3f-6afa-4163-870e-852ec68d4921,terra.com.br,20.0,680.0,1,Médio
4620e6e4-ad48-41fa-8373-8de0b16d8f02,yahoo.com.br,9.0,945.0,2,Baixo
9b2b89bc-4471-4410-b27a-dbae6af1d9be,gmail.com,27.0,2079.0,0,Alto
59ae788c-03d7-46e1-ad75-8702882651cc,uol.com.br,29.0,609.0,4,Médio
58d00ca1-fc48-41b9-9dbb-214b9030323f,terra.com.br,4.0,164.0,0,Baixo
f2061934-6580-46c3-93e6-22ff9b46175d,hotmail.com,21.0,1197.0,2,Médio
6ea37288-00be-439c-a0c3-d6f025f3f625,yahoo.com.br,1.0,,4,Baixo
45ebf82e-3291-45b8-bbd0-841b3308a4d2,bol.com.br,13.0,1456.0,4,Baixo
6f2fb963-e9cd-472e-ad61-720ba87a790e,icloud.com,18.0,90.0,3,Baixo
f27bc6df-18c8-4693-a095-87c9630c0627,icloud.com,12.0,1380.0,1,Médio
169c7962-2fe2-4828-b1c7-e6f659546ddf,bol.com.br,16.0,1648.0,3,Médio
8fa92f3f-065e-43af-9499-2c12d64716d6,hotmail.com,23.0,529.0,4,Médio
6a6e99f8-e800-4432-8dce-84c6058f7b46,hotmail.com,4.0,84.0,4,Baixo
5107db74-5f83-47b1-a69d-87a4853795ab,icloud.com,26.0,2652.0,2,Alto
802f075f-6762-4084-995c-7baa5e3b25c4,outlook.com.br,21.0,525.0,5,Baixo
a36c52db-3fd5-4262-a230-ccbf87f80236,gmail.com,16.0,,3,Médio
3703bcd1-724e-4842-83b2-7170ecfc57c0,bol.com.br,5.0,105.0,2,Baixo
fdd51061-e5d5-40b8-9463-e2b106a4d660,terra.com.br,11.0,616.0,5,Baixo
73326edf-f685-4293-9e15-864fb2e81e3a,bol.com.br,5.0,395.0,0,Baixo
b00431fd-9e16-49eb-8260-47ffec17fd6e,yahoo.com.br,26.0,2054.0,0,Alto
a66a5272-aafb-4b72-9213-4287dac562a7,gmail.com,20.0,1640.0,2,Médio
31351295-6146-4e95-9952-6a7a5beec3c2,icloud.com,30.0,3450.0,3,Alto
0a178d51-e339-4a0f-85f4-79161ed1e868,yahoo.com.br,,2310.0,3,Alto
44e6a04b-71b4-4373-8e48-3546950c54f5,yahoo.com.br,0.0,0.0,2,Baixo
92df06d4-3992-461d-8a43-9c817ec9a041,bol.com.br,4.0,68.0,5,Baixo
d1a144b3-82f0-42f6-aea6-3de50a4a1bef,icloud.com,17.0,1700.0,5,Baixo
a4a50309-b579-4ad2-9109-684c81f8cbfc,gmail.com,21.0,294.0,1,Médio
ddec6f1b-3fd6-4cda-a28d-74006d3c06f5,gmail.com,11.0,770.0,0,Médio
d87de90d-de96-44a2-b5c9-4badddd5897d,bol.com.br,24.0,2352.0,2,Alto
b6a393f9-1ec4-49f0-a903-3adae00ecc02,terra.com.br,,1728.0,5,Baixo
c9194f9b-9bfc-4a70-a33a-b15c8021b8e4,terra.com.br,,,0,Alto
7e05d7c3-7418-4a6e-90a4-5f05cbf96e25,live.com,7.0,63.0,3,Baixo
46b1dc2f-5f75-4aac-a233-796e79ef6055,live.com,3.0,117.0,1,Baixo
3ba971c3-cc6b-48cd-bc62-cb7162fa2892,live.com,1.0,50.0,5,Baixo
c3b39b54-1a46-435c-b85d-48295e6b88bd,terra.com.br,5.0,395.0,2,Baixo
64e2fd28-898c-4cf3-ba69-527aa629fc02,outlook.com.br,,588.0,1,Médio
3fb4f18f-64b9-4f9e-a38c-346f617d2076,hotmail.com,5.0,100.0,1,Baixo
7ef0702a-3d70-4c5d-b57b-af5a1b3cdd38,terra.com.br,,,5,Baixo
74975f0a-9435-44f0-b574-ba74911a20c5,outlook.com.br,12.0,720.0,3,Baixo
74750ffa-d456-43e9-aa21-f2b4479e2fdb,outlook.com.br,22.0,,5,Médio
c4d1b145-7a18-40e3-8e23-02b09fa83344,hotmail.com,6.0,342.0,0,Baixo
262619e2-cac2-469f-a97f-6a5c1b8a45ed,terra.com.br,12.0,300.0,2,Baixo
aa1fc59b-ed5f-41e9-872e-602e9efc8c59,live.com,21.0,735.0,0,Alto
77f126da-5a70-4a4f-9e67-ffbadf17b4fe,terra.com.br,9.0,,3,Baixo
5fe09fff-750c-4150-905c-44220bede5f9,gmail.com,17.0,306.0,1,Médio
755d885f-9027-49a4-b23d-568bcd8d0753,uol.com.br,23.0,1909.0,5,Médio
6a2eb6e4-f074-4983-9e5a-d5e21a860582,terra.com.br,26.0,2366.0,1,Alto
bfffa536-fb36-4fc7-8369-1d3f242c68ba,uol.com.br,1.0,86.0,1,Baixo
d9a154af-6220-4b26-84c0-48fb1db09a88,hotmail.com,,1328.0,0,Médio
f053afcf-dc29-4a4d-90b6-214283071953,hotmail.com,25.0,,5,Médio
06d8bfe8-8d58-4fc9-b087-b8801a454f49,outlook.com.br,17.0,204.0,0,Médio
20c4279b-617c-4860-80ca-6bc13bb0a7c1,icloud.com,28.0,896.0,2,Alto
3eee5aff-d0d8-490b-a707-fbab590dcc24,hotmail.com,8.0,248.0,1,Baixo
70e873d6-122d-4002-8529-0a4e2fcb897b,outlook.com.br,14.0,770.0,4,Baixo
0a4b15e9-f2d0-431f-af19-7e77e7a70002,bol.com.br,23.0,1840.0,2,Médio
72a0abe9-d0f1-4514-b833-ee0a6be808cb,outlook.com.br,25.0,825.0,0,Alto
e9e153b9-e90f-4b96-8907-b58261478a30,icloud.com,22.0,308.0,4,Médio
b47b6545-8661-4cec-9d19-b056135d7c84,live.com,0.0,0.0,3,Baixo
9b313f34-edd9-4e65-a0ff-7318e6d9ce82,live.com,24.0,2352.0,0,Alto
73eb815c-e95e-45b8-bf29-2815418e693d,yahoo.com.br,11.0,451.0,1,Médio
8bfa14b9-000c-415f-b1de-23c68e70e3c1,live.com,6.0,192.0,0,Baixo
c72ef3e9-b624-4ed1-9f11-74b1ed3b0c56,bol.com.br,,1339.0,3,Baixo
201b3b1f-8518-499e-8c09-97550cbd6da9,bol.com.br,12.0,1032.0,4,Baixo
8b9e3c7e-a84a-43d0-b766-dd68280a994d,outlook.com.br,15.0,195.0,0,Médio
3196dead-86e0-4b55-8813-036c825f4909,live.com,21.0,2121.0,3,Médio
1941fe3b-95be-4b38-9a5b-9789ffd339c8,yahoo.com.br,1.0,13.0,3,Baixo
c49b6c53-3a8a-4966-a641-8441e0b7c8eb,live.com,11.0,528.0,4,Baixo
a8917d5d-5e30-4b28-a76c-2dee281c4d55,terra.com.br,0.0,0.0,4,Baixo
3a0c341c-a00f-410e-b396-36b9872aecb2,terra.com.br,24.0,1272.0,5,Médio
9023e150-e35e-4c39-b284-203a7f4c7de8,uol.com.br,,798.0,1,Médio
090466cb-d2f0-4bf5-8671-17517249a43b,gmail.com,23.0,138.0,5,Baixo
dcb733d0-60ac-4783-9b79-01fad6f597ce,gmail.com,2.0,58.0,2,Baixo
df71a29a-1c32-49ed-9a45-6ad3d4636c62,outlook.com.br,21.0,588.0,4,Médio
775cd859-873c-49c9-ae53-7c9b2aaae353,live.com,27.0,2538.0,5,Médio
f205f0a6-65ef-4d65-9ab9-1472df806bfd,outlook.com.br,15.0,765.0,0,Médio
b559a763-ab8a-48bf-8b58-227ebf0a3626,outlook.com.br,26.0,1482.0,1,Alto
264c9084-99ea-4596-9fb2-7576aa98a012,outlook.com.br,1.0,41.0,5,Baixo
dc07790f-25f7-4cd8-bf57-e3b747d2f5b2,bol.com.br,24.0,888.0,1,Alto
493c8ffb-71fd-43db-9292-095a5aa08d10,uol.com.br,11.0,220.0,2,Baixo
6ec49d6f-a8c2-4309-aba4-d587645992d2,terra.com.br,,345.0,2,Baixo
6b3e98d9-cb10-4db3-ad87-6b8050b6bb43,terra.com.br,0.0,0.0,0,Baixo
329cc40b-8a8f-4a3a-87e5-c4c676d62fc6,outlook.com.br,26.0,208.0,2,Médio
e5535c45-9871-4c35-927c-13dff0445b8a,bol.com.br,1.0,32.0,4,Baixo
290934c9-7a5e-4568-8137-acc16cdca20a,icloud.com,25.0,200.0,1,Médio
f158fa7e-36fd-4e6a-a9fc-0eefde771207,yahoo.com.br,23.0,2300.0,3,Médio
2103a3b3-bf50-4d57-a6dd-47fe27b84baa,terra.com.br,27.0,702.0,0,Alto
21abe8c8-4aea-4258-ab10-9869428a5321,yahoo.com.br,6.0,660.0,0,Baixo
a9cd141f-af31-4733-a66d-dd64cb466eb3,hotmail.com,12.0,1044.0,2,Médio
81362bf3-a47c-41b8-a407-4da8fa6ef7db,live.com,3.0,345.0,3,Baixo
9f0ed93f-e754-420d-88c1-210c34c1bbcc,outlook.com.br,14.0,784.0,5,Baixo
8662f61c-78ed-420a-b9a0-a1ad188c6817,yahoo.com.br,14.0,490.0,0,Médio
8d41d0fe-5e19-4ec3-8909-4ed2042c547f,uol.com.br,17.0,153.0,3,Baixo
28a0039a-ccc3-4756-841f-937cfc315fe0,gmail.com,21.0,777.0,1,Médio
915c5976-4d67-42a9-8ef3-d84fab7929ea,live.com,28.0,700.0,5,Médio
7e99a4b6-a0e3-4ffd-91b2-283a6dc4d2a1,live.com,21.0,1386.0,1,Médio
24d06a8a-2cfd-476d-9b82-ffea787677fe,bol.com.br,30.0,2940.0,2,Alto
1d6a8a57-723b-45ef-b1f0-abf40594d8e7,icloud.com,11.0,1243.0,2,Médio
817c2f60-e54b-4f76-9864-16f3dc3adab0,gmail.com,10.0,810.0,1,Médio
1f9a9f8b-bf36-4fd5-be7a-684f00d559b4,hotmail.com,5.0,225.0,3,Baixo
15660675-4f55-4751-bc2e-861dd0993d32,icloud.com,26.0,2444.0,5,Médio
19c4a325-c579-46d0-8692-618a1be3bcfe,uol.com.br,24.0,528.0,2,Médio
ac571ecc-0f38-451d-86a2-3cd529105925,icloud.com,17.0,510.0,5,Baixo
0fdf569d-9461-4c2a-ba0a-4109144f2af3,gmail.com,26.0,2652.0,0,Alto
2c820d18-e6c0-4179-a569-9168a8643d12,live.com,1.0,38.0,4,Baixo
15ba210f-601e-413a-8c5c-556cdb6e98ee,live.com,3.0,345.0,5,Baixo
8eda6ed6-ab48-446c-8acc-a7c0396cd724,hotmail.com,26.0,2288.0,1,Alto
0a3d4535-7b0f-475a-ac5b-34cfcb54f1c6,hotmail.com,8.0,328.0,1,Baixo
3f5080ed-afeb-4217-a717-dc1d3aadbf67,outlook.com.br,,1242.0,2,Alto
20c16317-88df-43a4-bde3-4df5b57d8ef4,bol.com.br,7.0,490.0,2,Baixo
30c27b0f-72cf-48a4-858a-3a87dcadda20,icloud.com,28.0,1988.0,3,Alto
0be9b58b-bfac-4995-8f4c-e7bb10a81fc7,outlook.com.br,8.0,464.0,2,Baixo
61536dd9-6e32-48fe-85de-cb432a259295,yahoo.com.br,24.0,,0,Alto
91a1d3c5-02c7-4c63-b9e7-cbd9f3dfca5a,yahoo.com.br,29.0,1131.0,2,Alto
11665777-69c1-4714-b53e-bd14ee650175,bol.com.br,13.0,273.0,1,Médio
17ba8e78-9db5-49e9-8f4d-fa8b418cd112,live.com,20.0,1900.0,1,Médio
c9bbcb4e-b698-4dd5-b7e7-7d1452a4e5fb,gmail.com,25.0,,4,Médio
c5daf105-a225-4b74-b916-844f26f46be0,bol.com.br,,,0,Alto
ee15b36d-7dec-4529-9694-ab7bb3a493d7,live.com,16.0,416.0,1,Médio
53ef97b7-75e1-4c07-8b03-6c505eb95c19,hotmail.com,3.0,219.0,2,Baixo
13f2699d-ce58-4e0c-b796-2b5f55667ad9,uol.com.br,11.0,330.0,2,Baixo
43bfd80d-fe1b-49cc-a0ad-420dfbdaae65,terra.com.br,14.0,1050.0,1,Médio
b0500584-27d2-4f65-97e6-6be15bc0fdf8,icloud.com,3.0,81.0,1,Baixo
e0f1a595-b7f1-4f99-a99b-91ddd059d981,outlook.com.br,12.0,1164.0,0,Médio
f78204c2-b6ea-43ef-b46e-b145cb977708,bol.com.br,13.0,,5,Baixo
d5280d28-4eab-4f57-a14f-26fccd7e2b3a,icloud.com,14.0,,4,Baixo
68370c1c-f322-4972-8767-a9bc663e3879,terra.com.br,26.0,1144.0,4,Médio
b2457562-fb43-4979-9f75-d2eb8804ed00,yahoo.com.br,23.0,2530.0,3,Médio
470ca53f-085f-4fab-8868-772cb2d40ed0,icloud.com,22.0,,3,Médio
5aaa533a-087e-43a5-acbb-3f85bd929f44,gmail.com,29.0,1653.0,5,Médio
80875e58-5b7c-4f4c-af56-50dae7b05034,terra.com.br,,1566.0,5,Médio
bf3bd1cd-2a18-407c-9d50-d232583e59c5,terra.com.br,,642.0,5,Baixo
f54dc632-5d0f-4443-ace7-2af7e2cbe2d5,icloud.com,18.0,1620.0,3,Médio
9b98dd6e-1e00-4b21-b1db-ddbb5cb55cfb,outlook.com.br,30.0,1200.0,0,Alto
c5388f53-9ab9-4714-986f-c1ba92d1fd6a,hotmail.com,17.0,578.0,5,Baixo
5073ac4b-8a6c-497b-9c04-2395c54de743,yahoo.com.br,18.0,1476.0,0,Médio
9d92c5f6-2242-42b2-ab49-f8e77a4d6351,gmail.com,21.0,2184.0,5,Médio
cf062d91-b07b-4646-817d-535a52f9168f,gmail.com,16.0,320.0,2,Médio
9f75561b-c4c7-4083-ac59-1c02b03ebb2e,terra.com.br,26.0,988.0,5,Médio
91850448-d171-435d-afb9-bab1eee0287b,hotmail.com,9.0,810.0,0,Médio
441426cb-3791-45d0-91d0-813c97ce525e,hotmail.com,14.0,406.0,2,Médio
50da969c-7bb4-438d-b261-4530a98e0c13,bol.com.br,0.0,0.0,0,Baixo
4ffebfd7-e24a-45e2-bc49-bce2ade2fcc7,yahoo.com.br,30.0,2760.0,1,Alto
597d202f-e4e3-4f43-9967-013f8676fe54,terra.com.br,26.0,1924.0,0,Alto
7bcbed07-519a-4467-8b1f-1112363bb311,icloud.com,,,0,Alto
2c6e4d1e-c506-407c-9e9b-70045cdbd2c7,live.com,8.0,136.0,5,Baixo
d1b7f1f8-c718-4a6c-9c30-7a5c32b04019,hotmail.com,2.0,170.0,0,Baixo
5cb7801c-cde5-4305-b1db-83628e46f056,bol.com.br,22.0,1496.0,0,Alto
58549b68-3516-4af0-9938-e399b573bf41,icloud.com,3.0,,3,Baixo
ffc406bd-29eb-46e9-b26f-7391bb05cc32,uol.com.br,19.0,741.0,5,Baixo
fb9cf046-d383-4257-92ec-5f2b09c256f0,uol.com.br,28.0,224.0,2,Médio
40f1c0d7-ddbf-4638-8c80-a9c047df78a2,terra.com.br,0.0,0.0,2,Baixo
f1889d80-778b-4144-80e2-9d67582b42c6,bol.com.br,15.0,150.0,4,Baixo
f716072c-ca33-4442-a883-b11553250c0e,yahoo.com.br,18.0,1440.0,2,Médio
7247ea12-0a5a-4698-83e6-3fed53a68f3e,terra.com.br,30.0,2160.0,3,Alto
cbf647d3-ab00-4896-bf1b-14f36f6bf040,icloud.com,18.0,1098.0,4,Baixo
4fe824f6-f04e-46a1-9ae4-00fac48d576e,bol.com.br,22.0,1562.0,1,Alto
66afec3a-4bbc-465f-a619-23e5aebeedf7,icloud.com,17.0,,3,Médio
bb6a0862-1328-4da6-958e-e4b24e0fb407,icloud.com,20.0,1580.0,4,Médio
49f8cbb3-caac-4847-978f-64819b9e0b40,yahoo.com.br,0.0,0.0,0,Baixo
4401e279-8346-4cfc-9898-089600f26c96,gmail.com,23.0,1449.0,0,Alto
0632b662-5afd-4cbb-a0fd-56324c7b06f9,hotmail.com,18.0,1620.0,4,Médio
edf884e2-11b0-48a4-a62b-615ceb1fa3a2,uol.com.br,6.0,432.0,0,Baixo
32cb8e37-49ea-4ea3-9eeb-9cc5486c5709,live.com,14.0,1274.0,5,Baixo
2dd68c98-3ebe-472f-bc62-75065e9933dc,yahoo.com.br,28.0,672.0,4,Médio
69449b2e-03f0-42d9-a2ff-788289705641,outlook.com.br,8.0,488.0,1,Baixo
79842d78-258b-4a05-a1c0-99c2db99d00b,uol.com.br,1.0,10.0,1,Baixo
d82120a6-bec9-48b9-bcfc-e6ae56fc3e56,hotmail.com,4.0,344.0,1,Baixo
ab58b6c0-afa1-4ef0-a083-478c3d0a4d5e,outlook.com.br,16.0,1280.0,2,Médio
4bee4304-fbb8-4743-ab85-c5fa79bc48b2,icloud.com,2.0,168.0,1,Baixo
5d76f9bf-ce9c-4f3b-ba9d-96e7e64ccc5b,live.com,21.0,630.0,2,Médio
a67317f5-63c0-4a9a-bd64-c55c7606bc97,icloud.com,14.0,,3,Médio
d90f2fa8-3837-4a8c-b238-8dbeb76d34df,gmail.com,11.0,253.0,3,Baixo
4c2ee502-3cde-4250-b4ad-b4ecae791c6d,terra.com.br,20.0,760.0,5,Baixo
b2cccc48-7f8b-4115-87d4-f67e72a3001d,yahoo.com.br,9.0,693.0,0,Médio
3199486b-131c-4964-a8b5-78bd90e39890,uol.com.br,26.0,2704.0,2,Alto
e1999dec-e6a1-4c72-a4fa-d06cbcf144ea,terra.com.br,0.0,0.0,1,Baixo
e56ba0bd-6eb4-4d2b-96f5-39909ce453a0,yahoo.com.br,26.0,676.0,2,Médio
69a66ce0-8024-4182-8e7d-d43e99aee874,hotmail.com,21.0,,1,Alto
075dbcba-9f46-4e51-837f-a83629c895d6,yahoo.com.br,0.0,0.0,4,Baixo
5c623476-7c0b-40c9-b951-7d4c27b4e7db,icloud.com,3.0,261.0,0,Baixo
af7dd3c2-7f2c-4539-b92e-d224680966e1,gmail.com,13.0,1430.0,5,Baixo
ee48d4cc-23d6-474c-8963-7e1ffefd5e43,hotmail.com,17.0,527.0,5,Baixo
5a5cb448-f75c-497b-a011-1d2ec2570971,hotmail.com,20.0,580.0,3,Médio
8fab67c3-7da9-40ad-8d57-9fed8c4bf53e,bol.com.br,,2002.0,2,Alto
c25c9a01-0dd4-4d2a-b99f-ce4054d506fa,bol.com.br,16.0,752.0,0,Médio
3babea33-0e12-47fc-a899-fc4cdcf14737,gmail.com,12.0,,0,Médio
3fa63165-4da4-4c42-aec7-d3eac4ba32de,outlook.com.br,19.0,969.0,0,Médio
688a157b-ecba-4d7b-89c3-e98e122cfc25,gmail.com,15.0,570.0,2,Médio
799f8a90-2914-4f2a-b13d-6fb82ae16172,yahoo.com.br,25.0,925.0,2,Médio
31cdf16e-695b-40b5-a35e-a84574ec0879,terra.com.br,22.0,308.0,1,Médio
01ba64fd-015a-4a0c-b5c6-272a04e25e2f,live.com,26.0,1742.0,4,Médio
b73bd36d-1c70-4006-a288-2c86454e0470,terra.com.br,5.0,,2,Baixo
00c68a44-5202-423f-b6ff-3dd2965df856,outlook.com.br,9.0,765.0,0,Médio
20db842e-c053-4e01-a9b9-0d22b007de50,bol.com.br,6.0,702.0,3,Baixo
99581803-8114-4bed-98eb-ad0b35d59590,outlook.com.br,8.0,688.0,2,Baixo
b1c3fa45-dd01-4735-bfc5-5f4ad16ea609,terra.com.br,10.0,640.0,5,Baixo
a3197d41-9fda-49f1-830d-64aec90aa60c,live.com,27.0,2997.0,4,Alto
2db52619-27f5-4fae-9641-6da62fc4d9c6,terra.com.br,30.0,780.0,2,Alto
06be59d9-e241-4c78-a66e-6524b9d4a53d,terra.com.br,21.0,,4,Médio
0ed07f8a-4b9e-490c-a237-732dd7511762,terra.com.br,27.0,2241.0,0,Alto
2ffe954a-7ca7-4353-9087-ef73af58dd34,gmail.com,17.0,85.0,5,Baixo
e77f0240-7bdb-4cab-bafa-7e493c173a56,icloud.com,4.0,468.0,1,Baixo
c61be71c-0d8b-4c33-b934-8a63fdb00f30,terra.com.br,2.0,226.0,3,Baixo
584c8a65-a6ef-404d-a717-29dd9aac823f,bol.com.br,0.0,0.0,3,Baixo
37969c5d-cfe9-4568-a678-3c373288ea73,icloud.com,22.0,,4,Médio
1eb65303-12e7-4d42-b139-50e6210ea9c9,terra.com.br,23.0,667.0,4,Médio
3d82a387-47c3-4e15-af09-e0bd0fd4dc6c,terra.com.br,4.0,160.0,5,Baixo
262efbf8-ddb9-4e30-9647-6fccd388f833,uol.com.br,6.0,504.0,0,Baixo
fa7843c2-8f24-4483-bad7-ce374cce85c9,live.com,5.0,595.0,4,Baixo
5f53fc6a-745b-4c67-ba99-a54ba87c9813,gmail.com,21.0,189.0,1,Médio
b5d33461-14be-4f5c-b80c-764ae204a32e,yahoo.com.br,15.0,1065.0,5,Baixo
f9b40682-a06a-46e3-bcdd-fe459e55e851,icloud.com,28.0,3220.0,4,Alto
c551c637-3706-4573-a53b-6c25b0a917f4,bol.com.br,19.0,,4,Médio
b9e31d6b-19c1-4b76-aef9-a96f63f48a23,live.com,1.0,105.0,5,Baixo
8365d68b-edd6-4aa1-b3fb-3ffe8cc51d5d,hotmail.com,,777.0,5,Baixo
849ad263-0f10-45fd-bc42-564c6b88a77b,gmail.com,9.0,1071.0,5,Baixo
bf233ddf-ba3e-4335-b754-94c730cef51e,hotmail.com,18.0,720.0,1,Médio
0b1ec672-162a-45cd-91b0-23ae71204487,gmail.com,13.0,559.0,5,Baixo
25dba275-e546-4446-ae35-dd4f0a79c6b3,gmail.com,29.0,928.0,2,Alto
44df3931-40d7-4261-9768-e8bb4421e4b3,terra.com.br,29.0,2929.0,2,Alto
13187fbb-e79d-4005-a5f3-9c2bce82b990,icloud.com,9.0,621.0,4,Baixo
13ea93e9-ea10-4dc0-8974-81a34ceb9848,icloud.com,,105.0,1,Médio
97ca8f8b-ac96-450b-ad71-ead054cbb429,bol.com.br,15.0,795.0,4,Baixo
b997eb03-c228-461b-8511-9bf8c59ec8ed,bol.com.br,23.0,690.0,0,Alto
74bfe76c-97dd-413a-b527-9958f241cef4,uol.com.br,16.0,1136.0,1,Médio
a1b388a4-2ee6-49eb-ae36-5dfa021465ec,hotmail.com,16.0,1056.0,0,Médio
15a530c8-ba2d-4adc-9ad6-0ecb7650abd4,yahoo.com.br,2.0,166.0,4,Baixo
3d98e13b-28ee-454f-a19b-7041c2f9a700,hotmail.com,27.0,540.0,0,Alto
eb8cca8b-8e9f-46da-b149-dc6f86d2018d,hotmail.com,23.0,1587.0,4,Médio
e258f28a-8004-4d52-90f2-04661c8a7623,outlook.com.br,18.0,2016.0,2,Médio
849c0180-1e80-43a1-8699-f4c9c8efa2b1,outlook.com.br,28.0,2436.0,2,Alto
0e5b5a0c-b29d-4a7d-baba-558c3b829bbb,live.com,2.0,30.0,4,Baixo
363c71dd-d0a4-4d75-bba0-0806c27030b7,outlook.com.br,,935.0,1,Médio
3b17f647-2f02-4cb7-9b78-fb568720d2e4,yahoo.com.br,11.0,1265.0,0,Médio
ad9712fb-b99a-4327-848b-2ab1629e0ba4,gmail.com,19.0,1159.0,0,Médio
9c0a33f9-fb31-4d59-9b55-f63de151f273,icloud.com,12.0,996.0,3,Baixo
9260c888-7731-4c62-ba3e-059f27241d9c,bol.com.br,28.0,1988.0,2,Alto
b06570fc-6a46-4202-835e-31fe08482ed4,icloud.com,7.0,441.0,5,Baixo
d6ad55e6-808e-45fd-a968-3f6d43bc8790,bol.com.br,10.0,990.0,2,Baixo
6af6a228-56f0-412f-b23a-eb9183ef28ec,terra.com.br,1.0,66.0,0,Baixo
2270e283-6351-43ee-baeb-6ff7b84dc361,yahoo.com.br,1.0,65.0,0,Baixo
7ebe2a6c-da68-4524-bd09-7b0755c0538e,outlook.com.br,25.0,2625.0,4,Médio
43dfbfd8-aca7-4717-a947-612abda9f7b4,hotmail.com,19.0,1615.0,2,Médio
11584473-7c9f-4157-8cd7-46e3d4a3eed4,hotmail.com,28.0,1764.0,3,Alto
783d570e-0e49-4f03-b97d-01b7b6893be6,gmail.com,28.0,1736.0,0,Alto
464570ae-2166-4df8-82e2-77385093bbd9,yahoo.com.br,20.0,1360.0,1,Médio
d03d402a-fca3-4d95-a2da-d9a3542601d4,bol.com.br,21.0,1386.0,1,Médio
efe8aa1c-f603-419c-b974-bf6200d9b1a3,yahoo.com.br,10.0,580.0,2,Baixo
b7ff93d6-3360-4803-9a70-bba5f07c8858,terra.com.br,1.0,98.0,5,Baixo
13fc998d-c81e-4e6b-b629-45a72642c3ba,gmail.com,14.0,1176.0,0,Médio
52e0e3df-5c6c-48e7-ad32-89f35aa74471,outlook.com.br,18.0,1692.0,1,Médio
c79fcc70-4e33-4976-be77-88b4e2902e89,outlook.com.br,29.0,1218.0,0,Alto
fd4c0bf7-3918-48f8-af0b-30710130986b,bol.com.br,29.0,1885.0,0,Alto
bbd66881-b918-490b-ad1b-9584342b67c9,yahoo.com.br,20.0,2280.0,4,Médio
95ab26fd-6b2f-46ba-a8b1-4d20666e18d8,icloud.com,9.0,963.0,4,Baixo
82670fb8-2ffc-453a-b6ec-5a775d957f94,terra.com.br,22.0,1628.0,3,Médio
123603f3-c4bf-4cef-903a-5cf54eeaf061,uol.com.br,0.0,0.0,0,Baixo
d7ddcf5f-b35e-4142-94a5-8cc5346db886,hotmail.com,28.0,700.0,2,Alto
c987785d-e539-43c2-9751-73f4b7e90ba4,gmail.com,13.0,702.0,5,Baixo
0bf40a20-8d8d-4907-9cff-3f3d3ad2830e,gmail.com,23.0,2484.0,4,Médio
deb1c0d5-e43c-40d9-9ccb-a74265237e2b,terra.com.br,17.0,102.0,2,Médio
acf37238-d4af-44ee-a9af-a8d32cd9f8ea,live.com,5.0,260.0,2,Baixo
57b5d03a-bd60-49ac-a017-916337b9441e,uol.com.br,30.0,2850.0,4,Alto
f0cd1515-07d4-4a5d-9554-d14e6a924d7a,terra.com.br,2.0,198.0,4,Baixo
830a7cdf-8a18-4ae0-a535-558643ada68b,live.com,10.0,630.0,4,Baixo
629deb98-6ed6-4e14-81d9-0f717a982064,gmail.com,30.0,,4,Médio
c1c2707c-0eb0-4477-bc5b-609d93d0f244,bol.com.br,13.0,364.0,1,Médio
1ed4bb97-378f-4720-bae7-de9162a3b870,outlook.com.br,,1826.0,2,Médio
f736562f-bf9b-4fbf-812c-4f6c2448a792,live.com,4.0,356.0,4,Baixo
38758458-e9f0-4825-b402-32323d48502e,yahoo.com.br,28.0,924.0,2,Alto
f9c43f1c-0505-42c4-989a-f8565681fd76,yahoo.com.br,10.0,290.0,3,Baixo
14e1fc65-ea50-47d2-a978-3eeeb9d9bcac,icloud.com,10.0,1140.0,1,Médio
ded31411-b233-4e8b-9223-b9a1bb3c041a,live.com,26.0,234.0,2,Médio
0485e0e9-f3ce-4f50-8d96-3045c781544d,yahoo.com.br,21.0,2457.0,1,Alto
beff2a7c-db0e-4e07-a7c4-ce3bbc8ad86a,yahoo.com.br,10.0,360.0,2,Baixo
c455f8de-0542-42f8-8922-7379485424f9,bol.com.br,21.0,1806.0,2,Médio
bb52898e-d062-486b-b565-b37863b1014b,icloud.com,8.0,504.0,0,Médio
3694ffef-baca-4842-9d70-ef42b85a3577,bol.com.br,18.0,1242.0,3,Médio
41c62d48-bb34-49d3-868e-536838ad55b1,yahoo.com.br,21.0,1890.0,1,Alto
5dea723c-8fcb-4211-a6fc-02bcc975d6ea,hotmail.com,13.0,,3,Baixo
d3f8140e-f947-44f6-9a94-238b22f90cd7,yahoo.com.br,26.0,1222.0,3,Médio
2d8b374d-9807-428f-98eb-562a0f82e883,hotmail.com,5.0,35.0,3,Baixo
72720a47-7a3a-4d42-846a-bc2d29c084fd,outlook.com.br,12.0,840.0,4,Baixo
760869dd-e402-4f2a-abfc-ffd7ab3e3718,yahoo.com.br,21.0,630.0,2,Médio
0f4de5f2-3578-4f8a-8a86-4884b3ca684a,bol.com.br,21.0,,4,Médio
0d5882b8-34be-4992-84bb-1a0e09bf7c8b,gmail.com,19.0,1121.0,5,Baixo
badb66f4-071f-4bfc-b6a3-f4388d6cefc0,yahoo.com.br,12.0,756.0,2,Baixo
22a2c79f-d072-4b9a-affa-16302ef82c93,live.com,30.0,2310.0,2,Alto
6f719ace-9661-47d9-ad61-d9b7685592e1,uol.com.br,16.0,1840.0,0,Médio
b9a4e86c-ee46-4ed9-9346-35f143cf8777,outlook.com.br,29.0,3306.0,3,Alto
7df2f177-11d6-4c25-b32c-561c38bb840b,hotmail.com,11.0,583.0,0,Médio
a2bfabde-9847-4e53-8355-236fde101d7c,gmail.com,18.0,2052.0,2,Médio
01d9c1a9-8d2b-42e3-9734-d04ec647326a,uol.com.br,25.0,950.0,2,Médio
bf57cd5b-917c-42ba-9997-a60a9cb76d9b,yahoo.com.br,9.0,324.0,3,Baixo
2e715a6c-92a1-4fec-a944-9d0bf85de32d,hotmail.com,4.0,176.0,3,Baixo
9ddf280c-28be-4c5e-bba7-7525707457d8,yahoo.com.br,13.0,884.0,4,Baixo
488a18b3-1714-4dbb-bc44-0c68291c4eb4,yahoo.com.br,6.0,192.0,0,Baixo
90aca14d-ef71-4553-b6f8-28f7860c6311,uol.com.br,3.0,315.0,1,Baixo
1cd69fbd-dee2-4ee2-a90a-5ba8d07d0012,live.com,5.0,460.0,5,Baixo
e2fccdaf-a3bd-4819-a096-ff9bac22d485,outlook.com.br,27.0,1350.0,5,Médio
ce96376a-f4ea-407f-88e2-c11a437f90bf,hotmail.com,,798.0,2,Baixo
b4b9d964-7514-4dd6-95fa-c1bd097a3479,bol.com.br,22.0,462.0,0,Alto
3e47b447-0317-4961-8065-83013b4f93ab,gmail.com,24.0,1416.0,1,Alto
e0d1fd81-50b8-4c3c-af34-7c881a8537be,yahoo.com.br,21.0,357.0,0,Médio
638dade3-87ba-4fe8-8dd6-d4a4a4dcd1af,live.com,7.0,147.0,1,Baixo
22c75ef1-68d4-4165-8cde-600bb386d644,icloud.com,6.0,102.0,0,Baixo
60c41e67-5d4f-4e0f-9b27-c345dfc25368,gmail.com,25.0,2375.0,4,Médio
1d8cf4fd-8e2a-4603-a6f9-fa42d82c324a,icloud.com,30.0,2400.0,3,Alto
38c7e1cd-b777-406c-83da-0ecff1ee70b8,live.com,24.0,2472.0,1,Alto
460c8e77-8e7e-4e58-8a8f-0993018cc560,gmail.com,26.0,2418.0,5,Médio
ef3c8dc4-7cf7-4017-864b-7ff63b692899,icloud.com,16.0,1680.0,5,Baixo
69e172bb-ef1f-4e07-bb4a-926f465de7da,terra.com.br,25.0,450.0,5,Médio
bcaeb026-834f-48c4-a1da-b8169454c402,outlook.com.br,24.0,1944.0,2,Alto
73c73f64-979c-4282-9894-c5c5e0bb860b,uol.com.br,27.0,1539.0,5,Médio
6737415e-025a-414e-b9ec-5755beee80a8,hotmail.com,21.0,2142.0,5,Médio
e95ca62f-8261-4ede-9623-e170874755a9,bol.com.br,22.0,1672.0,5,Médio
b344253f-5a06-45da-ab2e-2794b05fcab2,outlook.com.br,2.0,28.0,2,Baixo
f4e7d612-491a-47f1-947b-18584cd92a28,hotmail.com,26.0,910.0,4,Médio
7bfa8702-5c0a-4448-b582-b20f0e95a905,bol.com.br,24.0,1080.0,5,Médio
6b74904c-5e2e-40ff-8932-3afd13277034,icloud.com,,780.0,3,Médio
f7a7f373-3155-4fa3-8f21-a7b8c2500bb8,live.com,17.0,901.0,3,Médio
bcfadf83-451f-4ca9-960a-bc33b2994e37,icloud.com,3.0,,0,Baixo
0fd12b95-8ca5-41fd-8b38-fa4ec83a3dbe,hotmail.com,25.0,1900.0,1,Alto
cbc81d3d-0228-40fb-bd9c-939bb230b444,icloud.com,7.0,84.0,2,Baixo
fab0d799-5901-490a-be20-e4de8d6cfe42,yahoo.com.br,6.0,630.0,0,Baixo
acbf9e36-a7c4-4546-af3c-fee507323f73,bol.com.br,22.0,132.0,5,Baixo
20cfae5a-28ea-420d-9ddb-81a1d2ecd2d1,hotmail.com,6.0,102.0,1,Baixo
4671c0b9-6f22-439d-80a6-28708c6ff284,outlook.com.br,12.0,,4,Baixo
3f630ddf-eec0-49e9-9d78-65f51b2d9297,bol.com.br,16.0,704.0,2,Médio
196ee5be-6542-4641-9ba0-6f8672365594,outlook.com.br,,,4,Baixo
25110cf5-8526-44c4-991d-e4338845c378,icloud.com,0.0,0.0,3,Baixo
9339b718-74aa-40f6-9465-666b88142423,gmail.com,11.0,1133.0,2,Baixo
18eeb1ed-cd02-4d94-aee7-8625fa2b18d7,uol.com.br,14.0,224.0,0,Médio
55e5e342-e8a0-40b1-8c7f-c80c62c6b16a,live.com,7.0,532.0,2,Baixo
40fbc831-3d30-4188-ba20-09dcaa47c2a2,icloud.com,,322.0,5,Baixo
36976dae-61eb-4665-87cd-c927020bada7,icloud.com,30.0,630.0,0,Alto
6b38898e-6cfa-40d8-9c48-0f23ba1633af,hotmail.com,20.0,880.0,5,Baixo
845c190b-7a89-4ae0-af11-537e567f2352,icloud.com,12.0,816.0,2,Baixo
d357d93c-700c-4df3-a2fd-234757a76220,hotmail.com,2.0,238.0,2,Baixo
976715e1-2398-4a5a-9315-ef083c9aa643,uol.com.br,1.0,67.0,2,Baixo
ff122136-8726-44ec-89fd-8f3a3bbeeeae,icloud.com,5.0,115.0,5,Baixo
8fedd23c-86eb-473c-836e-1b7102fe5ccb,live.com,4.0,476.0,3,Baixo
17b120b3-a4f1-4fc5-82bc-85574469acc0,gmail.com,10.0,400.0,1,Baixo
6b625ee7-9473-41f3-96e5-46457f8c5ebe,uol.com.br,16.0,1744.0,3,Médio
1bac3010-106a-4f9c-9053-5caf58536d4f,live.com,25.0,2575.0,5,Médio
7a8c43ec-3907-40db-aada-43eea4b85e0c,gmail.com,0.0,0.0,1,Baixo
281896a1-af18-4cb1-94a6-decfce4002b5,outlook.com.br,11.0,,1,Médio
9d22c981-c9c4-4f8d-8a83-961b1059f9ef,outlook.com.br,8.0,920.0,3,Baixo
716826e6-ab47-4467-8662-2586aae6d028,live.com,12.0,,1,Médio
82b3b338-c408-48fa-9152-eea50b9113e8,terra.com.br,21.0,2310.0,0,Alto
80538121-2d77-47d4-9e2f-ff567f0d1cdd,uol.com.br,9.0,783.0,2,Baixo
